date,pm25,latitude,longitude,pm25_aqi
8/15/2016,21.13,9.05806,38.76306,70
8/16/2016,27.79,9.05806,38.76306,84
8/17/2016,34.44,9.05806,38.76306,98
8/18/2016,37.93,9.05806,38.76306,107
8/19/2016,41.99,9.05806,38.76306,117
8/20/2016,18.75,9.05806,38.76306,65
8/22/2016,37.93,9.05806,38.76306,107
8/23/2016,38.74,9.05806,38.76306,109
8/24/2016,35.5,9.05806,38.76306,101
8/25/2016,38.74,9.05806,38.76306,109
8/26/2016,25.88,9.05806,38.76306,80
8/27/2016,33.02,9.05806,38.76306,95
8/28/2016,39.15,9.05806,38.76306,110
8/29/2016,30.16,9.05806,38.76306,89
8/30/2016,34.92,9.05806,38.76306,99
8/31/2016,25.88,9.05806,38.76306,80
9/1/2016,42.81,9.05806,38.76306,119
9/2/2016,41.18,9.05806,38.76306,115
9/3/2016,39.96,9.05806,38.76306,112
9/4/2016,22.08,9.05806,38.76306,72
9/5/2016,19.7,9.05806,38.76306,67
9/6/2016,25.88,9.05806,38.76306,80
9/7/2016,27.79,9.05806,38.76306,84
9/8/2016,35.9,9.05806,38.76306,102
9/9/2016,27.31,9.05806,38.76306,83
9/10/2016,35.4,9.05806,38.76306,100
9/11/2016,35.9,9.05806,38.76306,102
9/12/2016,24.46,9.05806,38.76306,77
9/13/2016,33.02,9.05806,38.76306,95
9/14/2016,39.96,9.05806,38.76306,112
9/15/2016,19.7,9.05806,38.76306,67
9/16/2016,22.56,9.05806,38.76306,73
9/17/2016,21.13,9.05806,38.76306,70
9/18/2016,30.64,9.05806,38.76306,90
9/19/2016,31.12,9.05806,38.76306,91
9/20/2016,33.97,9.05806,38.76306,97
9/21/2016,32.07,9.05806,38.76306,93
9/22/2016,25.88,9.05806,38.76306,80
9/23/2016,34.44,9.05806,38.76306,98
9/24/2016,41.18,9.05806,38.76306,115
9/25/2016,47.27,9.05806,38.76306,130
9/26/2016,40.77,9.05806,38.76306,114
9/27/2016,28.74,9.05806,38.76306,86
9/28/2016,18.28,9.05806,38.76306,64
9/29/2016,23.03,9.05806,38.76306,74
9/30/2016,35.9,9.05806,38.76306,102
10/1/2016,23.03,9.05806,38.76306,74
10/2/2016,20.18,9.05806,38.76306,68
10/3/2016,17.33,9.05806,38.76306,62
10/4/2016,19.23,9.05806,38.76306,66
10/5/2016,18.28,9.05806,38.76306,64
10/6/2016,22.56,9.05806,38.76306,73
10/7/2016,21.61,9.05806,38.76306,71
10/8/2016,18.75,9.05806,38.76306,65
10/9/2016,22.56,9.05806,38.76306,73
10/10/2016,17.8,9.05806,38.76306,63
10/11/2016,26.36,9.05806,38.76306,81
10/12/2016,23.98,9.05806,38.76306,76
10/13/2016,17.33,9.05806,38.76306,62
10/14/2016,17.8,9.05806,38.76306,63
10/15/2016,22.08,9.05806,38.76306,72
10/16/2016,18.28,9.05806,38.76306,64
10/17/2016,22.56,9.05806,38.76306,73
10/18/2016,22.56,9.05806,38.76306,73
10/19/2016,20.65,9.05806,38.76306,69
10/20/2016,19.7,9.05806,38.76306,67
10/21/2016,25.88,9.05806,38.76306,80
10/22/2016,17.33,9.05806,38.76306,62
10/23/2016,23.98,9.05806,38.76306,76
10/24/2016,16.85,9.05806,38.76306,61
10/25/2016,22.08,9.05806,38.76306,72
10/26/2016,16.37,9.05806,38.76306,60
10/27/2016,23.51,9.05806,38.76306,75
10/28/2016,21.13,9.05806,38.76306,70
10/29/2016,14.47,9.05806,38.76306,56
10/30/2016,9.6,9.05806,38.76306,40
10/31/2016,10.8,9.05806,38.76306,45
11/1/2016,20.18,9.05806,38.76306,68
11/2/2016,22.08,9.05806,38.76306,72
11/3/2016,14.95,9.05806,38.76306,57
11/4/2016,18.75,9.05806,38.76306,65
11/5/2016,24.46,9.05806,38.76306,77
11/6/2016,16.37,9.05806,38.76306,60
11/7/2016,16.85,9.05806,38.76306,61
11/8/2016,24.46,9.05806,38.76306,77
11/9/2016,18.28,9.05806,38.76306,64
11/10/2016,24.93,9.05806,38.76306,78
11/11/2016,23.51,9.05806,38.76306,75
11/12/2016,18.28,9.05806,38.76306,64
11/13/2016,14,9.05806,38.76306,55
11/14/2016,20.18,9.05806,38.76306,68
11/15/2016,23.03,9.05806,38.76306,74
11/16/2016,20.18,9.05806,38.76306,68
11/17/2016,14.95,9.05806,38.76306,57
11/18/2016,14.47,9.05806,38.76306,56
11/19/2016,21.61,9.05806,38.76306,71
11/20/2016,17.33,9.05806,38.76306,62
11/21/2016,11.76,9.05806,38.76306,49
11/22/2016,12.57,9.05806,38.76306,52
11/23/2016,22.56,9.05806,38.76306,73
11/24/2016,35.4,9.05806,38.76306,100
11/25/2016,33.49,9.05806,38.76306,96
11/26/2016,33.02,9.05806,38.76306,95
11/27/2016,23.51,9.05806,38.76306,75
11/28/2016,18.75,9.05806,38.76306,65
11/29/2016,18.28,9.05806,38.76306,64
11/30/2016,12.1,9.05806,38.76306,51
12/1/2016,18.75,9.05806,38.76306,65
12/2/2016,22.08,9.05806,38.76306,72
12/3/2016,12,9.05806,38.76306,50
12/23/2016,10.56,9.05806,38.76306,44
12/24/2016,12.1,9.05806,38.76306,51
12/25/2016,11.76,9.05806,38.76306,49
12/26/2016,8.39,9.05806,38.76306,35
12/27/2016,12.1,9.05806,38.76306,51
12/28/2016,15.9,9.05806,38.76306,59
12/29/2016,18.28,9.05806,38.76306,64
12/30/2016,18.75,9.05806,38.76306,65
12/31/2016,18.28,9.05806,38.76306,64
1/1/2017,11.52,9.05806,38.76306,48
1/2/2017,9.84,9.05806,38.76306,41
1/3/2017,20.65,9.05806,38.76306,69
1/4/2017,12.57,9.05806,38.76306,52
1/5/2017,12.1,9.05806,38.76306,51
1/6/2017,23.03,9.05806,38.76306,74
1/7/2017,22.56,9.05806,38.76306,73
1/8/2017,9.6,9.05806,38.76306,40
1/9/2017,10.56,9.05806,38.76306,44
1/10/2017,10.32,9.05806,38.76306,43
1/11/2017,11.04,9.05806,38.76306,46
1/12/2017,11.76,9.05806,38.76306,49
1/13/2017,14,9.05806,38.76306,55
1/14/2017,20.18,9.05806,38.76306,68
1/15/2017,17.33,9.05806,38.76306,62
1/16/2017,11.52,9.05806,38.76306,48
1/17/2017,9.12,9.05806,38.76306,38
1/18/2017,11.28,9.05806,38.76306,47
1/19/2017,17.8,9.05806,38.76306,63
1/20/2017,16.37,9.05806,38.76306,60
1/21/2017,23.51,9.05806,38.76306,75
1/22/2017,17.33,9.05806,38.76306,62
1/23/2017,13.05,9.05806,38.76306,53
1/24/2017,9.84,9.05806,38.76306,41
1/25/2017,14,9.05806,38.76306,55
1/26/2017,11.76,9.05806,38.76306,49
1/27/2017,17.8,9.05806,38.76306,63
1/28/2017,22.56,9.05806,38.76306,73
1/29/2017,23.51,9.05806,38.76306,75
1/30/2017,26.36,9.05806,38.76306,81
1/31/2017,23.51,9.05806,38.76306,75
2/1/2017,24.93,9.05806,38.76306,78
2/2/2017,21.61,9.05806,38.76306,71
2/3/2017,20.65,9.05806,38.76306,69
2/4/2017,19.23,9.05806,38.76306,66
2/5/2017,14.47,9.05806,38.76306,56
2/6/2017,19.23,9.05806,38.76306,66
2/7/2017,20.65,9.05806,38.76306,69
2/8/2017,23.51,9.05806,38.76306,75
2/9/2017,14.47,9.05806,38.76306,56
2/10/2017,12.1,9.05806,38.76306,51
2/11/2017,13.52,9.05806,38.76306,54
2/12/2017,16.85,9.05806,38.76306,61
2/13/2017,18.75,9.05806,38.76306,65
2/14/2017,11.28,9.05806,38.76306,47
2/15/2017,6.24,9.05806,38.76306,26
2/16/2017,7.68,9.05806,38.76306,32
2/17/2017,10.8,9.05806,38.76306,45
2/18/2017,7.92,9.05806,38.76306,33
2/19/2017,7.92,9.05806,38.76306,33
2/20/2017,11.76,9.05806,38.76306,49
2/21/2017,17.8,9.05806,38.76306,63
2/22/2017,30.64,9.05806,38.76306,90
2/23/2017,28.26,9.05806,38.76306,85
2/24/2017,26.84,9.05806,38.76306,82
2/25/2017,24.46,9.05806,38.76306,77
2/26/2017,27.79,9.05806,38.76306,84
2/27/2017,22.56,9.05806,38.76306,73
2/28/2017,23.51,9.05806,38.76306,75
3/1/2017,15.9,9.05806,38.76306,59
3/2/2017,17.33,9.05806,38.76306,62
3/3/2017,19.7,9.05806,38.76306,67
3/4/2017,16.85,9.05806,38.76306,61
3/5/2017,16.85,9.05806,38.76306,61
3/6/2017,16.37,9.05806,38.76306,60
3/7/2017,13.05,9.05806,38.76306,53
3/8/2017,15.42,9.05806,38.76306,58
3/9/2017,19.7,9.05806,38.76306,67
3/10/2017,14.95,9.05806,38.76306,57
3/11/2017,13.05,9.05806,38.76306,53
3/12/2017,21.61,9.05806,38.76306,71
3/13/2017,27.79,9.05806,38.76306,84
3/14/2017,18.75,9.05806,38.76306,65
3/15/2017,13.52,9.05806,38.76306,54
3/16/2017,11.28,9.05806,38.76306,47
3/17/2017,13.05,9.05806,38.76306,53
3/18/2017,14.95,9.05806,38.76306,57
3/19/2017,12,9.05806,38.76306,50
3/20/2017,11.28,9.05806,38.76306,47
3/21/2017,11.04,9.05806,38.76306,46
3/22/2017,22.56,9.05806,38.76306,73
3/23/2017,14.47,9.05806,38.76306,56
3/24/2017,12.1,9.05806,38.76306,51
3/25/2017,25.41,9.05806,38.76306,79
3/26/2017,33.97,9.05806,38.76306,97
3/27/2017,23.03,9.05806,38.76306,74
3/28/2017,17.33,9.05806,38.76306,62
3/29/2017,15.42,9.05806,38.76306,58
3/30/2017,8.39,9.05806,38.76306,35
3/31/2017,12.1,9.05806,38.76306,51
4/1/2017,19.23,9.05806,38.76306,66
4/2/2017,21.13,9.05806,38.76306,70
4/3/2017,22.08,9.05806,38.76306,72
4/4/2017,19.7,9.05806,38.76306,67
4/5/2017,24.46,9.05806,38.76306,77
4/6/2017,15.42,9.05806,38.76306,58
4/7/2017,18.28,9.05806,38.76306,64
4/8/2017,14.95,9.05806,38.76306,57
4/9/2017,15.42,9.05806,38.76306,58
4/10/2017,17.33,9.05806,38.76306,62
4/11/2017,15.42,9.05806,38.76306,58
4/12/2017,14.47,9.05806,38.76306,56
4/13/2017,18.75,9.05806,38.76306,65
4/14/2017,16.85,9.05806,38.76306,61
4/15/2017,26.84,9.05806,38.76306,82
4/16/2017,23.98,9.05806,38.76306,76
4/17/2017,19.7,9.05806,38.76306,67
4/18/2017,23.51,9.05806,38.76306,75
4/19/2017,22.56,9.05806,38.76306,73
4/20/2017,23.03,9.05806,38.76306,74
4/21/2017,15.42,9.05806,38.76306,58
4/22/2017,16.85,9.05806,38.76306,61
4/23/2017,19.7,9.05806,38.76306,67
4/24/2017,14.95,9.05806,38.76306,57
4/25/2017,12.1,9.05806,38.76306,51
4/26/2017,18.75,9.05806,38.76306,65
4/27/2017,12.1,9.05806,38.76306,51
4/28/2017,22.56,9.05806,38.76306,73
4/29/2017,20.65,9.05806,38.76306,69
4/30/2017,32.07,9.05806,38.76306,93
5/1/2017,20.65,9.05806,38.76306,69
5/2/2017,18.75,9.05806,38.76306,65
5/3/2017,32.07,9.05806,38.76306,93
5/4/2017,20.65,9.05806,38.76306,69
5/5/2017,20.18,9.05806,38.76306,68
5/6/2017,15.42,9.05806,38.76306,58
5/7/2017,10.56,9.05806,38.76306,44
5/8/2017,12.57,9.05806,38.76306,52
5/9/2017,17.8,9.05806,38.76306,63
5/10/2017,9.36,9.05806,38.76306,39
5/11/2017,7.43,9.05806,38.76306,31
5/12/2017,14.47,9.05806,38.76306,56
5/13/2017,23.51,9.05806,38.76306,75
5/14/2017,12.57,9.05806,38.76306,52
5/15/2017,12.57,9.05806,38.76306,52
5/16/2017,25.41,9.05806,38.76306,79
5/17/2017,19.23,9.05806,38.76306,66
5/18/2017,12.57,9.05806,38.76306,52
5/19/2017,23.51,9.05806,38.76306,75
5/20/2017,34.92,9.05806,38.76306,99
5/21/2017,27.79,9.05806,38.76306,84
5/22/2017,31.12,9.05806,38.76306,91
5/23/2017,22.56,9.05806,38.76306,73
5/24/2017,28.26,9.05806,38.76306,85
5/25/2017,30.16,9.05806,38.76306,89
5/26/2017,43.62,9.05806,38.76306,121
5/27/2017,44.84,9.05806,38.76306,124
5/28/2017,43.62,9.05806,38.76306,121
5/29/2017,35.9,9.05806,38.76306,102
5/30/2017,26.84,9.05806,38.76306,82
6/1/2017,39.96,9.05806,38.76306,112
6/2/2017,41.18,9.05806,38.76306,115
6/3/2017,49.3,9.05806,38.76306,135
6/4/2017,45.24,9.05806,38.76306,125
6/5/2017,38.74,9.05806,38.76306,109
6/6/2017,41.18,9.05806,38.76306,115
6/7/2017,42.4,9.05806,38.76306,118
6/8/2017,38.74,9.05806,38.76306,109
6/9/2017,31.12,9.05806,38.76306,91
6/10/2017,39.96,9.05806,38.76306,112
6/11/2017,34.92,9.05806,38.76306,99
6/12/2017,39.96,9.05806,38.76306,112
6/13/2017,36.31,9.05806,38.76306,103
6/14/2017,29.69,9.05806,38.76306,88
6/15/2017,19.23,9.05806,38.76306,66
6/16/2017,23.51,9.05806,38.76306,75
6/17/2017,29.69,9.05806,38.76306,88
6/18/2017,37.53,9.05806,38.76306,106
6/19/2017,33.02,9.05806,38.76306,95
6/20/2017,21.13,9.05806,38.76306,70
6/21/2017,27.31,9.05806,38.76306,83
6/22/2017,42.81,9.05806,38.76306,119
6/23/2017,39.56,9.05806,38.76306,111
6/24/2017,32.07,9.05806,38.76306,93
6/25/2017,40.77,9.05806,38.76306,114
6/26/2017,41.99,9.05806,38.76306,117
6/27/2017,47.68,9.05806,38.76306,131
6/28/2017,48.08,9.05806,38.76306,132
6/29/2017,39.15,9.05806,38.76306,110
6/30/2017,35.5,9.05806,38.76306,101
7/1/2017,29.69,9.05806,38.76306,88
7/2/2017,44.02,9.05806,38.76306,122
7/3/2017,45.24,9.05806,38.76306,125
7/4/2017,40.37,9.05806,38.76306,113
7/5/2017,36.31,9.05806,38.76306,103
7/6/2017,41.59,9.05806,38.76306,116
7/7/2017,46.87,9.05806,38.76306,129
7/8/2017,37.93,9.05806,38.76306,107
7/9/2017,21.13,9.05806,38.76306,70
7/10/2017,43.62,9.05806,38.76306,121
7/11/2017,39.96,9.05806,38.76306,112
7/12/2017,46.87,9.05806,38.76306,129
7/13/2017,39.15,9.05806,38.76306,110
7/14/2017,31.59,9.05806,38.76306,92
7/15/2017,25.88,9.05806,38.76306,80
7/16/2017,35.9,9.05806,38.76306,102
7/17/2017,37.93,9.05806,38.76306,107
7/18/2017,35.9,9.05806,38.76306,102
7/19/2017,32.54,9.05806,38.76306,94
7/20/2017,27.31,9.05806,38.76306,83
7/21/2017,32.07,9.05806,38.76306,93
7/22/2017,33.97,9.05806,38.76306,97
7/23/2017,44.43,9.05806,38.76306,123
7/24/2017,41.59,9.05806,38.76306,116
7/25/2017,32.54,9.05806,38.76306,94
7/26/2017,32.54,9.05806,38.76306,94
7/27/2017,40.77,9.05806,38.76306,114
7/28/2017,33.02,9.05806,38.76306,95
7/29/2017,40.37,9.05806,38.76306,113
7/30/2017,41.18,9.05806,38.76306,115
7/31/2017,33.97,9.05806,38.76306,97
8/1/2017,35.5,9.05806,38.76306,101
8/2/2017,20.65,9.05806,38.76306,69
8/3/2017,26.84,9.05806,38.76306,82
8/4/2017,33.02,9.05806,38.76306,95
8/5/2017,25.41,9.05806,38.76306,79
8/6/2017,26.36,9.05806,38.76306,81
8/7/2017,36.31,9.05806,38.76306,103
8/8/2017,34.44,9.05806,38.76306,98
8/9/2017,23.51,9.05806,38.76306,75
8/10/2017,34.92,9.05806,38.76306,99
8/11/2017,30.64,9.05806,38.76306,90
8/12/2017,29.21,9.05806,38.76306,87
8/13/2017,19.23,9.05806,38.76306,66
8/14/2017,20.18,9.05806,38.76306,68
8/15/2017,22.56,9.05806,38.76306,73
8/16/2017,22.56,9.05806,38.76306,73
8/17/2017,23.03,9.05806,38.76306,74
8/18/2017,21.61,9.05806,38.76306,71
8/19/2017,28.26,9.05806,38.76306,85
8/20/2017,20.65,9.05806,38.76306,69
8/21/2017,26.84,9.05806,38.76306,82
8/22/2017,31.59,9.05806,38.76306,92
8/23/2017,35.5,9.05806,38.76306,101
8/24/2017,20.18,9.05806,38.76306,68
8/25/2017,18.28,9.05806,38.76306,64
8/31/2017,29.69,9.05806,38.76306,88
9/1/2017,34.92,9.05806,38.76306,99
9/2/2017,35.5,9.05806,38.76306,101
9/3/2017,34.92,9.05806,38.76306,99
9/4/2017,39.56,9.05806,38.76306,111
9/5/2017,28.74,9.05806,38.76306,86
9/6/2017,27.79,9.05806,38.76306,84
9/11/2017,42.81,9.05806,38.76306,119
9/12/2017,21.61,9.05806,38.76306,71
9/13/2017,23.03,9.05806,38.76306,74
9/14/2017,25.41,9.05806,38.76306,79
9/15/2017,17.8,9.05806,38.76306,63
9/16/2017,29.21,9.05806,38.76306,87
9/17/2017,27.31,9.05806,38.76306,83
9/18/2017,35.5,9.05806,38.76306,101
9/19/2017,33.97,9.05806,38.76306,97
9/20/2017,22.56,9.05806,38.76306,73
9/21/2017,26.36,9.05806,38.76306,81
9/22/2017,26.84,9.05806,38.76306,82
9/23/2017,41.99,9.05806,38.76306,117
9/24/2017,37.12,9.05806,38.76306,105
9/25/2017,35.4,9.05806,38.76306,100
9/26/2017,37.12,9.05806,38.76306,105
9/27/2017,22.56,9.05806,38.76306,73
9/29/2017,33.02,9.05806,38.76306,95
9/30/2017,26.36,9.05806,38.76306,81
10/1/2017,21.13,9.05806,38.76306,70
10/2/2017,13.52,9.05806,38.76306,54
10/3/2017,14.47,9.05806,38.76306,56
10/4/2017,12.1,9.05806,38.76306,51
10/5/2017,21.61,9.05806,38.76306,71
10/6/2017,30.16,9.05806,38.76306,89
10/7/2017,22.08,9.05806,38.76306,72
10/8/2017,22.56,9.05806,38.76306,73
10/9/2017,28.26,9.05806,38.76306,85
10/10/2017,22.08,9.05806,38.76306,72
10/11/2017,20.65,9.05806,38.76306,69
10/12/2017,16.85,9.05806,38.76306,61
10/13/2017,16.37,9.05806,38.76306,60
10/14/2017,26.36,9.05806,38.76306,81
10/15/2017,32.54,9.05806,38.76306,94
10/16/2017,45.65,9.05806,38.76306,126
10/17/2017,35.9,9.05806,38.76306,102
10/18/2017,33.49,9.05806,38.76306,96
10/19/2017,33.97,9.05806,38.76306,97
10/20/2017,21.13,9.05806,38.76306,70
10/21/2017,14.95,9.05806,38.76306,57
10/22/2017,22.08,9.05806,38.76306,72
10/23/2017,19.23,9.05806,38.76306,66
10/24/2017,22.08,9.05806,38.76306,72
10/25/2017,22.56,9.05806,38.76306,73
10/26/2017,17.8,9.05806,38.76306,63
10/27/2017,14,9.05806,38.76306,55
10/28/2017,16.37,9.05806,38.76306,60
10/29/2017,14,9.05806,38.76306,55
10/30/2017,14.47,9.05806,38.76306,56
11/13/2017,17.33,9.05806,38.76306,62
11/14/2017,18.28,9.05806,38.76306,64
11/15/2017,14.95,9.05806,38.76306,57
11/16/2017,17.8,9.05806,38.76306,63
11/17/2017,22.56,9.05806,38.76306,73
11/18/2017,26.36,9.05806,38.76306,81
11/19/2017,22.08,9.05806,38.76306,72
11/20/2017,21.61,9.05806,38.76306,71
11/21/2017,39.15,9.05806,38.76306,110
11/22/2017,21.61,9.05806,38.76306,71
11/23/2017,20.18,9.05806,38.76306,68
11/24/2017,19.23,9.05806,38.76306,66
11/25/2017,20.65,9.05806,38.76306,69
11/26/2017,22.08,9.05806,38.76306,72
11/27/2017,11.76,9.05806,38.76306,49
11/28/2017,21.61,9.05806,38.76306,71
11/29/2017,20.65,9.05806,38.76306,69
11/30/2017,20.18,9.05806,38.76306,68
12/1/2017,15.42,9.05806,38.76306,58
12/2/2017,16.37,9.05806,38.76306,60
12/3/2017,20.18,9.05806,38.76306,68
12/4/2017,17.8,9.05806,38.76306,63
12/5/2017,23.03,9.05806,38.76306,74
12/6/2017,24.93,9.05806,38.76306,78
12/7/2017,32.54,9.05806,38.76306,94
12/19/2017,14.47,9.05806,38.76306,56
12/20/2017,23.98,9.05806,38.76306,76
12/21/2017,26.36,9.05806,38.76306,81
12/22/2017,28.26,9.05806,38.76306,85
12/23/2017,21.61,9.05806,38.76306,71
12/24/2017,21.13,9.05806,38.76306,70
12/25/2017,19.23,9.05806,38.76306,66
12/26/2017,14.95,9.05806,38.76306,57
12/27/2017,26.84,9.05806,38.76306,82
12/28/2017,21.13,9.05806,38.76306,70
12/29/2017,20.18,9.05806,38.76306,68
1/4/2018,37.12,9.05806,38.76306,105
1/5/2018,31.59,9.05806,38.76306,92
1/6/2018,43.21,9.05806,38.76306,120
1/7/2018,38.34,9.05806,38.76306,108
1/8/2018,23.98,9.05806,38.76306,76
1/9/2018,33.49,9.05806,38.76306,96
1/10/2018,39.96,9.05806,38.76306,112
1/11/2018,37.12,9.05806,38.76306,105
1/12/2018,36.31,9.05806,38.76306,103
1/13/2018,37.12,9.05806,38.76306,105
1/14/2018,26.36,9.05806,38.76306,81
1/15/2018,18.75,9.05806,38.76306,65
1/16/2018,23.98,9.05806,38.76306,76
1/17/2018,23.98,9.05806,38.76306,76
1/18/2018,27.31,9.05806,38.76306,83
1/19/2018,27.79,9.05806,38.76306,84
1/20/2018,14.95,9.05806,38.76306,57
1/21/2018,14,9.05806,38.76306,55
1/22/2018,18.28,9.05806,38.76306,64
1/23/2018,19.23,9.05806,38.76306,66
1/24/2018,25.41,9.05806,38.76306,79
1/25/2018,26.36,9.05806,38.76306,81
1/26/2018,30.64,9.05806,38.76306,90
1/27/2018,33.49,9.05806,38.76306,96
1/28/2018,37.12,9.05806,38.76306,105
1/29/2018,32.07,9.05806,38.76306,93
1/30/2018,29.21,9.05806,38.76306,87
1/31/2018,25.88,9.05806,38.76306,80
2/1/2018,24.93,9.05806,38.76306,78
2/2/2018,22.08,9.05806,38.76306,72
2/4/2018,26.84,9.05806,38.76306,82
2/5/2018,21.61,9.05806,38.76306,71
2/6/2018,25.88,9.05806,38.76306,80
2/7/2018,27.31,9.05806,38.76306,83
2/8/2018,19.23,9.05806,38.76306,66
2/9/2018,17.33,9.05806,38.76306,62
2/10/2018,13.05,9.05806,38.76306,53
2/11/2018,11.04,9.05806,38.76306,46
2/12/2018,11.04,9.05806,38.76306,46
2/13/2018,11.76,9.05806,38.76306,49
2/14/2018,9.84,9.05806,38.76306,41
2/15/2018,13.52,9.05806,38.76306,54
2/18/2018,15.9,9.05806,38.76306,59
2/19/2018,18.75,9.05806,38.76306,65
2/20/2018,23.03,9.05806,38.76306,74
2/21/2018,22.08,9.05806,38.76306,72
2/22/2018,31.12,9.05806,38.76306,91
2/23/2018,21.13,9.05806,38.76306,70
2/24/2018,17.8,9.05806,38.76306,63
3/5/2018,37.93,9.05806,38.76306,107
3/6/2018,29.21,9.05806,38.76306,87
3/7/2018,30.16,9.05806,38.76306,89
3/8/2018,22.56,9.05806,38.76306,73
3/9/2018,23.51,9.05806,38.76306,75
3/10/2018,22.08,9.05806,38.76306,72
3/11/2018,19.7,9.05806,38.76306,67
3/12/2018,29.69,9.05806,38.76306,88
3/13/2018,27.79,9.05806,38.76306,84
3/14/2018,27.79,9.05806,38.76306,84
3/20/2018,19.23,9.05806,38.76306,66
3/21/2018,23.03,9.05806,38.76306,74
3/22/2018,22.08,9.05806,38.76306,72
3/23/2018,23.03,9.05806,38.76306,74
3/24/2018,26.36,9.05806,38.76306,81
3/25/2018,28.26,9.05806,38.76306,85
3/26/2018,32.54,9.05806,38.76306,94
3/27/2018,23.51,9.05806,38.76306,75
3/28/2018,14.47,9.05806,38.76306,56
3/29/2018,26.84,9.05806,38.76306,82
3/30/2018,15.9,9.05806,38.76306,59
3/31/2018,23.03,9.05806,38.76306,74
4/1/2018,18.28,9.05806,38.76306,64
4/2/2018,17.33,9.05806,38.76306,62
4/3/2018,13.05,9.05806,38.76306,53
4/4/2018,15.9,9.05806,38.76306,59
4/5/2018,36.31,9.05806,38.76306,103
4/6/2018,23.51,9.05806,38.76306,75
4/7/2018,42.81,9.05806,38.76306,119
4/8/2018,26.36,9.05806,38.76306,81
4/9/2018,12.57,9.05806,38.76306,52
4/10/2018,18.75,9.05806,38.76306,65
4/11/2018,20.65,9.05806,38.76306,69
4/12/2018,19.23,9.05806,38.76306,66
4/13/2018,23.51,9.05806,38.76306,75
4/14/2018,26.36,9.05806,38.76306,81
4/15/2018,21.61,9.05806,38.76306,71
4/16/2018,24.93,9.05806,38.76306,78
4/17/2018,28.26,9.05806,38.76306,85
4/18/2018,23.03,9.05806,38.76306,74
4/19/2018,22.08,9.05806,38.76306,72
4/20/2018,14.95,9.05806,38.76306,57
4/21/2018,22.08,9.05806,38.76306,72
4/22/2018,10.08,9.05806,38.76306,42
4/23/2018,6.95,9.05806,38.76306,29
4/24/2018,8.16,9.05806,38.76306,34
4/25/2018,9.12,9.05806,38.76306,38
4/26/2018,23.51,9.05806,38.76306,75
4/27/2018,25.88,9.05806,38.76306,80
4/28/2018,19.7,9.05806,38.76306,67
4/29/2018,19.23,9.05806,38.76306,66
4/30/2018,23.51,9.05806,38.76306,75
5/1/2018,31.12,9.05806,38.76306,91
5/2/2018,25.88,9.05806,38.76306,80
5/3/2018,22.56,9.05806,38.76306,73
5/4/2018,20.18,9.05806,38.76306,68
5/5/2018,13.05,9.05806,38.76306,53
5/6/2018,12,9.05806,38.76306,50
5/7/2018,11.52,9.05806,38.76306,48
5/8/2018,15.42,9.05806,38.76306,58
5/9/2018,13.52,9.05806,38.76306,54
5/10/2018,22.56,9.05806,38.76306,73
5/11/2018,20.65,9.05806,38.76306,69
5/16/2018,48.08,9.05806,38.76306,132
5/17/2018,32.54,9.05806,38.76306,94
5/18/2018,34.92,9.05806,38.76306,99
5/19/2018,31.59,9.05806,38.76306,92
5/20/2018,21.13,9.05806,38.76306,70
5/21/2018,10.8,9.05806,38.76306,45
5/22/2018,12.57,9.05806,38.76306,52
5/23/2018,30.16,9.05806,38.76306,89
5/24/2018,40.37,9.05806,38.76306,113
5/25/2018,42.81,9.05806,38.76306,119
5/26/2018,39.96,9.05806,38.76306,112
5/27/2018,44.02,9.05806,38.76306,122
5/28/2018,37.12,9.05806,38.76306,105
5/29/2018,33.02,9.05806,38.76306,95
5/30/2018,35.9,9.05806,38.76306,102
5/31/2018,45.24,9.05806,38.76306,125
6/1/2018,47.68,9.05806,38.76306,131
6/2/2018,40.77,9.05806,38.76306,114
6/3/2018,37.12,9.05806,38.76306,105
6/4/2018,36.71,9.05806,38.76306,104
6/5/2018,30.64,9.05806,38.76306,90
6/6/2018,30.16,9.05806,38.76306,89
6/7/2018,37.12,9.05806,38.76306,105
6/8/2018,37.12,9.05806,38.76306,105
6/9/2018,32.07,9.05806,38.76306,93
6/10/2018,39.15,9.05806,38.76306,110
6/11/2018,33.97,9.05806,38.76306,97
6/12/2018,28.74,9.05806,38.76306,86
6/13/2018,43.21,9.05806,38.76306,120
6/14/2018,35.4,9.05806,38.76306,100
6/15/2018,38.34,9.05806,38.76306,108
6/16/2018,32.07,9.05806,38.76306,93
6/18/2018,49.3,9.05806,38.76306,135
6/19/2018,41.18,9.05806,38.76306,115
6/20/2018,50.93,9.05806,38.76306,139
6/21/2018,55.4,9.05806,38.76306,150
6/22/2018,50.12,9.05806,38.76306,137
6/23/2018,41.59,9.05806,38.76306,116
6/24/2018,44.84,9.05806,38.76306,124
6/25/2018,42.81,9.05806,38.76306,119
6/26/2018,41.18,9.05806,38.76306,115
6/27/2018,41.18,9.05806,38.76306,115
6/28/2018,43.62,9.05806,38.76306,121
6/29/2018,40.77,9.05806,38.76306,114
6/30/2018,43.21,9.05806,38.76306,120
7/1/2018,43.21,9.05806,38.76306,120
7/2/2018,41.99,9.05806,38.76306,117
7/3/2018,44.84,9.05806,38.76306,124
7/4/2018,31.12,9.05806,38.76306,91
7/5/2018,35.9,9.05806,38.76306,102
7/6/2018,33.02,9.05806,38.76306,95
7/7/2018,39.96,9.05806,38.76306,112
7/8/2018,34.44,9.05806,38.76306,98
7/9/2018,36.71,9.05806,38.76306,104
7/10/2018,39.15,9.05806,38.76306,110
7/11/2018,35.5,9.05806,38.76306,101
7/12/2018,36.31,9.05806,38.76306,103
7/13/2018,35.4,9.05806,38.76306,100
7/14/2018,40.37,9.05806,38.76306,113
7/15/2018,37.93,9.05806,38.76306,107
7/16/2018,41.59,9.05806,38.76306,116
7/17/2018,24.46,9.05806,38.76306,77
7/18/2018,32.07,9.05806,38.76306,93
7/19/2018,30.64,9.05806,38.76306,90
7/20/2018,32.54,9.05806,38.76306,94
7/21/2018,33.97,9.05806,38.76306,97
7/22/2018,29.21,9.05806,38.76306,87
7/23/2018,32.54,9.05806,38.76306,94
7/24/2018,24.46,9.05806,38.76306,77
7/25/2018,32.54,9.05806,38.76306,94
7/26/2018,26.84,9.05806,38.76306,82
7/27/2018,36.31,9.05806,38.76306,103
7/28/2018,25.88,9.05806,38.76306,80
7/29/2018,15.42,9.05806,38.76306,58
7/30/2018,20.18,9.05806,38.76306,68
7/31/2018,34.92,9.05806,38.76306,99
8/1/2018,38.34,9.05806,38.76306,108
8/2/2018,43.62,9.05806,38.76306,121
8/3/2018,36.71,9.05806,38.76306,104
8/4/2018,26.84,9.05806,38.76306,82
8/5/2018,20.65,9.05806,38.76306,69
8/6/2018,27.79,9.05806,38.76306,84
8/7/2018,27.31,9.05806,38.76306,83
8/8/2018,19.7,9.05806,38.76306,67
8/9/2018,12.57,9.05806,38.76306,52
8/10/2018,23.98,9.05806,38.76306,76
8/11/2018,39.15,9.05806,38.76306,110
8/12/2018,37.93,9.05806,38.76306,107
8/13/2018,35.5,9.05806,38.76306,101
8/14/2018,21.61,9.05806,38.76306,71
8/15/2018,26.84,9.05806,38.76306,82
8/16/2018,37.12,9.05806,38.76306,105
8/17/2018,23.98,9.05806,38.76306,76
8/18/2018,43.21,9.05806,38.76306,120
8/19/2018,30.64,9.05806,38.76306,90
8/20/2018,24.46,9.05806,38.76306,77
8/21/2018,28.26,9.05806,38.76306,85
8/22/2018,31.12,9.05806,38.76306,91
8/23/2018,20.18,9.05806,38.76306,68
8/24/2018,24.46,9.05806,38.76306,77
8/25/2018,24.46,9.05806,38.76306,77
8/26/2018,24.93,9.05806,38.76306,78
8/27/2018,21.13,9.05806,38.76306,70
8/28/2018,28.74,9.05806,38.76306,86
8/29/2018,23.51,9.05806,38.76306,75
8/30/2018,28.74,9.05806,38.76306,86
8/31/2018,23.98,9.05806,38.76306,76
9/1/2018,37.53,9.05806,38.76306,106
9/2/2018,29.69,9.05806,38.76306,88
9/3/2018,24.93,9.05806,38.76306,78
9/4/2018,14.47,9.05806,38.76306,56
9/5/2018,15.9,9.05806,38.76306,59
9/6/2018,14.47,9.05806,38.76306,56
9/7/2018,14,9.05806,38.76306,55
9/8/2018,10.8,9.05806,38.76306,45
9/11/2018,8.16,9.05806,38.76306,34
9/12/2018,19.23,9.05806,38.76306,66
9/13/2018,18.75,9.05806,38.76306,65
9/14/2018,24.93,9.05806,38.76306,78
9/15/2018,15.9,9.05806,38.76306,59
9/18/2018,22.56,9.05806,38.76306,73
9/19/2018,15.42,9.05806,38.76306,58
9/20/2018,19.23,9.05806,38.76306,66
9/21/2018,15.42,9.05806,38.76306,58
9/22/2018,18.28,9.05806,38.76306,64
9/23/2018,15.42,9.05806,38.76306,58
9/24/2018,16.37,9.05806,38.76306,60
9/25/2018,23.03,9.05806,38.76306,74
9/26/2018,44.02,9.05806,38.76306,122
9/27/2018,31.59,9.05806,38.76306,92
9/28/2018,14.95,9.05806,38.76306,57
9/29/2018,16.37,9.05806,38.76306,60
9/30/2018,15.9,9.05806,38.76306,59
10/1/2018,18.28,9.05806,38.76306,64
10/2/2018,16.85,9.05806,38.76306,61
10/3/2018,20.65,9.05806,38.76306,69
10/22/2018,5.52,9.05806,38.76306,23
10/23/2018,6.95,9.05806,38.76306,29
10/24/2018,10.08,9.05806,38.76306,42
10/25/2018,12.1,9.05806,38.76306,51
10/26/2018,10.08,9.05806,38.76306,42
10/27/2018,8.39,9.05806,38.76306,35
10/28/2018,10.32,9.05806,38.76306,43
10/29/2018,11.76,9.05806,38.76306,49
10/30/2018,14,9.05806,38.76306,55
10/31/2018,12.1,9.05806,38.76306,51
11/1/2018,12,9.05806,38.76306,50
11/2/2018,11.76,9.05806,38.76306,49
11/3/2018,17.33,9.05806,38.76306,62
11/4/2018,19.7,9.05806,38.76306,67
11/5/2018,24.93,9.05806,38.76306,78
11/6/2018,16.37,9.05806,38.76306,60
11/7/2018,12,9.05806,38.76306,50
11/8/2018,14.95,9.05806,38.76306,57
11/9/2018,23.51,9.05806,38.76306,75
11/10/2018,18.75,9.05806,38.76306,65
11/11/2018,11.04,9.05806,38.76306,46
11/12/2018,10.08,9.05806,38.76306,42
11/13/2018,11.76,9.05806,38.76306,49
11/14/2018,10.8,9.05806,38.76306,45
11/15/2018,18.28,9.05806,38.76306,64
11/16/2018,14.47,9.05806,38.76306,56
11/17/2018,11.28,9.05806,38.76306,47
11/18/2018,11.76,9.05806,38.76306,49
11/19/2018,11.76,9.05806,38.76306,49
11/20/2018,9.6,9.05806,38.76306,40
11/21/2018,12.1,9.05806,38.76306,51
11/22/2018,9.12,9.05806,38.76306,38
11/23/2018,10.8,9.05806,38.76306,45
11/24/2018,9.36,9.05806,38.76306,39
11/25/2018,10.08,9.05806,38.76306,42
11/26/2018,9.36,9.05806,38.76306,39
11/27/2018,16.85,9.05806,38.76306,61
11/28/2018,11.28,9.05806,38.76306,47
11/29/2018,10.8,9.05806,38.76306,45
11/30/2018,13.52,9.05806,38.76306,54
12/1/2018,9.36,9.05806,38.76306,39
12/2/2018,10.56,9.05806,38.76306,44
12/3/2018,10.8,9.05806,38.76306,45
12/4/2018,11.28,9.05806,38.76306,47
12/5/2018,10.8,9.05806,38.76306,45
12/6/2018,13.05,9.05806,38.76306,53
12/7/2018,15.9,9.05806,38.76306,59
12/8/2018,21.13,9.05806,38.76306,70
12/9/2018,16.85,9.05806,38.76306,61
12/10/2018,22.08,9.05806,38.76306,72
12/11/2018,16.85,9.05806,38.76306,61
12/12/2018,14,9.05806,38.76306,55
12/13/2018,15.42,9.05806,38.76306,58
12/14/2018,20.18,9.05806,38.76306,68
12/15/2018,19.23,9.05806,38.76306,66
12/16/2018,11.76,9.05806,38.76306,49
12/17/2018,15.9,9.05806,38.76306,59
12/18/2018,18.28,9.05806,38.76306,64
12/19/2018,25.41,9.05806,38.76306,79
12/20/2018,20.18,9.05806,38.76306,68
12/21/2018,16.85,9.05806,38.76306,61
12/22/2018,19.7,9.05806,38.76306,67
12/23/2018,16.85,9.05806,38.76306,61
12/24/2018,17.33,9.05806,38.76306,62
12/25/2018,25.88,9.05806,38.76306,80
12/26/2018,14.95,9.05806,38.76306,57
12/27/2018,15.9,9.05806,38.76306,59
12/28/2018,29.21,9.05806,38.76306,87
12/29/2018,14.95,9.05806,38.76306,57
12/30/2018,19.7,9.05806,38.76306,67
1/1/2019,9.84,9.05806,38.76306,41
1/2/2019,11.28,9.05806,38.76306,47
1/23/2019,17.8,9.05806,38.76306,63
1/24/2019,25.88,9.05806,38.76306,80
1/25/2019,33.97,9.05806,38.76306,97
1/26/2019,23.98,9.05806,38.76306,76
1/27/2019,22.56,9.05806,38.76306,73
1/28/2019,21.13,9.05806,38.76306,70
1/29/2019,17.8,9.05806,38.76306,63
1/30/2019,9.6,9.05806,38.76306,40
1/31/2019,9.12,9.05806,38.76306,38
2/1/2019,11.76,9.05806,38.76306,49
2/2/2019,8.64,9.05806,38.76306,36
2/3/2019,11.28,9.05806,38.76306,47
2/4/2019,12.1,9.05806,38.76306,51
2/5/2019,12.1,9.05806,38.76306,51
2/6/2019,13.05,9.05806,38.76306,53
2/7/2019,17.33,9.05806,38.76306,62
2/8/2019,15.9,9.05806,38.76306,59
2/9/2019,21.61,9.05806,38.76306,71
2/10/2019,20.18,9.05806,38.76306,68
2/11/2019,23.51,9.05806,38.76306,75
2/12/2019,18.75,9.05806,38.76306,65
2/13/2019,11.76,9.05806,38.76306,49
2/14/2019,12.57,9.05806,38.76306,52
2/15/2019,21.13,9.05806,38.76306,70
2/16/2019,13.52,9.05806,38.76306,54
2/17/2019,14.47,9.05806,38.76306,56
2/18/2019,19.7,9.05806,38.76306,67
2/19/2019,15.9,9.05806,38.76306,59
2/20/2019,12.57,9.05806,38.76306,52
2/21/2019,10.8,9.05806,38.76306,45
2/22/2019,11.52,9.05806,38.76306,48
2/23/2019,14.47,9.05806,38.76306,56
2/24/2019,12,9.05806,38.76306,50
2/25/2019,12,9.05806,38.76306,50
2/26/2019,10.32,9.05806,38.76306,43
2/27/2019,10.32,9.05806,38.76306,43
2/28/2019,12.1,9.05806,38.76306,51
3/1/2019,20.18,9.05806,38.76306,68
3/2/2019,23.51,9.05806,38.76306,75
3/3/2019,21.61,9.05806,38.76306,71
3/4/2019,24.93,9.05806,38.76306,78
3/5/2019,24.93,9.05806,38.76306,78
3/6/2019,12.57,9.05806,38.76306,52
3/7/2019,22.56,9.05806,38.76306,73
3/8/2019,17.33,9.05806,38.76306,62
3/9/2019,17.8,9.05806,38.76306,63
3/10/2019,13.05,9.05806,38.76306,53
3/11/2019,21.13,9.05806,38.76306,70
3/12/2019,25.41,9.05806,38.76306,79
3/13/2019,23.03,9.05806,38.76306,74
3/14/2019,18.75,9.05806,38.76306,65
3/15/2019,14.47,9.05806,38.76306,56
3/16/2019,15.42,9.05806,38.76306,58
3/17/2019,19.7,9.05806,38.76306,67
3/18/2019,18.28,9.05806,38.76306,64
3/19/2019,11.04,9.05806,38.76306,46
3/20/2019,10.56,9.05806,38.76306,44
3/21/2019,10.8,9.05806,38.76306,45
3/22/2019,11.76,9.05806,38.76306,49
3/23/2019,12,9.05806,38.76306,50
3/24/2019,11.52,9.05806,38.76306,48
3/25/2019,14.47,9.05806,38.76306,56
3/26/2019,14.95,9.05806,38.76306,57
3/27/2019,21.13,9.05806,38.76306,70
3/28/2019,10.32,9.05806,38.76306,43
3/29/2019,10.56,9.05806,38.76306,44
3/30/2019,15.42,9.05806,38.76306,58
3/31/2019,19.7,9.05806,38.76306,67
4/1/2019,21.13,9.05806,38.76306,70
4/2/2019,20.18,9.05806,38.76306,68
4/3/2019,17.33,9.05806,38.76306,62
4/4/2019,13.05,9.05806,38.76306,53
4/5/2019,9.36,9.05806,38.76306,39
4/6/2019,11.76,9.05806,38.76306,49
4/7/2019,11.52,9.05806,38.76306,48
4/8/2019,17.8,9.05806,38.76306,63
4/9/2019,14.47,9.05806,38.76306,56
4/10/2019,16.37,9.05806,38.76306,60
4/11/2019,13.05,9.05806,38.76306,53
4/12/2019,20.18,9.05806,38.76306,68
4/13/2019,12.1,9.05806,38.76306,51
4/14/2019,11.04,9.05806,38.76306,46
4/15/2019,12.57,9.05806,38.76306,52
4/16/2019,13.52,9.05806,38.76306,54
4/17/2019,10.8,9.05806,38.76306,45
4/18/2019,11.52,9.05806,38.76306,48
4/19/2019,11.76,9.05806,38.76306,49
4/22/2019,22.08,9.05806,38.76306,72
4/23/2019,13.52,9.05806,38.76306,54
4/24/2019,20.65,9.05806,38.76306,69
4/25/2019,41.99,9.05806,38.76306,117
4/26/2019,41.59,9.05806,38.76306,116
4/27/2019,42.81,9.05806,38.76306,119
4/28/2019,35.9,9.05806,38.76306,102
4/29/2019,11.76,9.05806,38.76306,49
4/30/2019,8.16,9.05806,38.76306,34
5/1/2019,10.56,9.05806,38.76306,44
5/2/2019,13.52,9.05806,38.76306,54
5/3/2019,13.52,9.05806,38.76306,54
5/4/2019,16.37,9.05806,38.76306,60
5/5/2019,12.1,9.05806,38.76306,51
5/6/2019,11.76,9.05806,38.76306,49
5/7/2019,27.31,9.05806,38.76306,83
5/8/2019,24.46,9.05806,38.76306,77
5/9/2019,20.18,9.05806,38.76306,68
5/10/2019,19.23,9.05806,38.76306,66
5/11/2019,17.33,9.05806,38.76306,62
5/12/2019,15.9,9.05806,38.76306,59
5/13/2019,15.42,9.05806,38.76306,58
5/14/2019,22.08,9.05806,38.76306,72
5/15/2019,18.28,9.05806,38.76306,64
5/16/2019,13.05,9.05806,38.76306,53
5/17/2019,16.85,9.05806,38.76306,61
5/18/2019,14.47,9.05806,38.76306,56
5/19/2019,18.28,9.05806,38.76306,64
5/20/2019,34.44,9.05806,38.76306,98
5/21/2019,20.18,9.05806,38.76306,68
5/22/2019,19.7,9.05806,38.76306,67
5/23/2019,10.8,9.05806,38.76306,45
5/24/2019,7.68,9.05806,38.76306,32
5/25/2019,13.52,9.05806,38.76306,54
5/26/2019,9.6,9.05806,38.76306,40
5/27/2019,10.8,9.05806,38.76306,45
5/28/2019,14.95,9.05806,38.76306,57
5/29/2019,16.85,9.05806,38.76306,61
5/30/2019,21.13,9.05806,38.76306,70
5/31/2019,35.9,9.05806,38.76306,102
6/1/2019,40.77,9.05806,38.76306,114
6/2/2019,29.69,9.05806,38.76306,88
6/3/2019,11.04,9.05806,38.76306,46
6/4/2019,21.13,9.05806,38.76306,70
6/5/2019,34.92,9.05806,38.76306,99
6/6/2019,32.07,9.05806,38.76306,93
6/7/2019,39.15,9.05806,38.76306,110
6/8/2019,42.4,9.05806,38.76306,118
6/9/2019,24.93,9.05806,38.76306,78
6/10/2019,30.64,9.05806,38.76306,90
6/11/2019,29.69,9.05806,38.76306,88
6/12/2019,24.93,9.05806,38.76306,78
6/13/2019,36.71,9.05806,38.76306,104
6/14/2019,40.37,9.05806,38.76306,113
6/15/2019,40.37,9.05806,38.76306,113
6/16/2019,35.9,9.05806,38.76306,102
6/17/2019,33.49,9.05806,38.76306,96
6/18/2019,34.92,9.05806,38.76306,99
6/19/2019,37.93,9.05806,38.76306,107
6/20/2019,31.12,9.05806,38.76306,91
6/21/2019,34.92,9.05806,38.76306,99
6/22/2019,34.44,9.05806,38.76306,98
6/23/2019,63.24,9.05806,38.76306,155
8/9/2019,22.08,9.05806,38.76306,72
8/10/2019,15.42,9.05806,38.76306,58
8/11/2019,14,9.05806,38.76306,55
8/12/2019,13.52,9.05806,38.76306,54
8/13/2019,21.61,9.05806,38.76306,71
8/14/2019,12.1,9.05806,38.76306,51
8/15/2019,18.28,9.05806,38.76306,64
8/16/2019,27.79,9.05806,38.76306,84
8/17/2019,23.98,9.05806,38.76306,76
8/18/2019,37.12,9.05806,38.76306,105
8/19/2019,33.49,9.05806,38.76306,96
8/20/2019,35.5,9.05806,38.76306,101
8/21/2019,44.02,9.05806,38.76306,122
8/22/2019,47.27,9.05806,38.76306,130
8/23/2019,35.9,9.05806,38.76306,102
8/24/2019,33.97,9.05806,38.76306,97
8/25/2019,16.85,9.05806,38.76306,61
8/26/2019,16.85,9.05806,38.76306,61
8/27/2019,17.8,9.05806,38.76306,63
8/28/2019,23.03,9.05806,38.76306,74
8/29/2019,28.26,9.05806,38.76306,85
8/30/2019,30.16,9.05806,38.76306,89
8/31/2019,29.69,9.05806,38.76306,88
9/1/2019,31.12,9.05806,38.76306,91
9/2/2019,20.18,9.05806,38.76306,68
9/3/2019,20.65,9.05806,38.76306,69
9/4/2019,20.18,9.05806,38.76306,68
9/5/2019,25.41,9.05806,38.76306,79
9/6/2019,36.31,9.05806,38.76306,103
9/7/2019,30.16,9.05806,38.76306,89
9/8/2019,32.07,9.05806,38.76306,93
9/9/2019,34.44,9.05806,38.76306,98
9/10/2019,23.51,9.05806,38.76306,75
9/11/2019,41.99,9.05806,38.76306,117
9/12/2019,35.5,9.05806,38.76306,101
9/13/2019,25.41,9.05806,38.76306,79
9/14/2019,22.08,9.05806,38.76306,72
9/15/2019,12.57,9.05806,38.76306,52
9/23/2019,37.53,9.05806,38.76306,106
9/24/2019,28.74,9.05806,38.76306,86
9/25/2019,29.69,9.05806,38.76306,88
9/26/2019,19.7,9.05806,38.76306,67
9/27/2019,37.53,9.05806,38.76306,106
9/28/2019,44.02,9.05806,38.76306,122
9/29/2019,23.03,9.05806,38.76306,74
9/30/2019,14.95,9.05806,38.76306,57
10/1/2019,28.74,9.05806,38.76306,86
10/2/2019,6.72,9.05806,38.76306,28
10/3/2019,5.28,9.05806,38.76306,22
10/4/2019,6.72,9.05806,38.76306,28
10/5/2019,10.08,9.05806,38.76306,42
10/6/2019,11.52,9.05806,38.76306,48
10/7/2019,13.05,9.05806,38.76306,53
10/8/2019,15.9,9.05806,38.76306,59
10/9/2019,18.28,9.05806,38.76306,64
10/10/2019,10.56,9.05806,38.76306,44
10/11/2019,21.61,9.05806,38.76306,71
10/12/2019,9.84,9.05806,38.76306,41
10/13/2019,10.8,9.05806,38.76306,45
10/14/2019,11.28,9.05806,38.76306,47
10/15/2019,12.1,9.05806,38.76306,51
10/16/2019,12.57,9.05806,38.76306,52
10/17/2019,11.76,9.05806,38.76306,49
10/18/2019,8.39,9.05806,38.76306,35
10/19/2019,7.68,9.05806,38.76306,32
10/20/2019,11.28,9.05806,38.76306,47
10/21/2019,19.23,9.05806,38.76306,66
10/22/2019,17.8,9.05806,38.76306,63
10/23/2019,22.56,9.05806,38.76306,73
10/24/2019,12.1,9.05806,38.76306,51
10/25/2019,15.9,9.05806,38.76306,59
10/26/2019,20.65,9.05806,38.76306,69
10/27/2019,14.47,9.05806,38.76306,56
10/28/2019,15.9,9.05806,38.76306,59
10/29/2019,16.85,9.05806,38.76306,61
10/30/2019,15.9,9.05806,38.76306,59
10/31/2019,12.57,9.05806,38.76306,52
11/1/2019,18.28,9.05806,38.76306,64
11/2/2019,16.37,9.05806,38.76306,60
11/3/2019,13.52,9.05806,38.76306,54
11/4/2019,12.57,9.05806,38.76306,52
11/5/2019,15.9,9.05806,38.76306,59
11/6/2019,18.28,9.05806,38.76306,64
11/7/2019,16.85,9.05806,38.76306,61
11/8/2019,22.08,9.05806,38.76306,72
11/9/2019,12.57,9.05806,38.76306,52
11/10/2019,14.47,9.05806,38.76306,56
11/11/2019,14,9.05806,38.76306,55
11/12/2019,16.37,9.05806,38.76306,60
11/13/2019,13.52,9.05806,38.76306,54
11/14/2019,13.52,9.05806,38.76306,54
11/15/2019,18.75,9.05806,38.76306,65
11/16/2019,16.85,9.05806,38.76306,61
11/17/2019,11.76,9.05806,38.76306,49
11/18/2019,15.9,9.05806,38.76306,59
11/19/2019,15.42,9.05806,38.76306,58
11/20/2019,20.18,9.05806,38.76306,68
11/21/2019,15.9,9.05806,38.76306,59
11/22/2019,16.37,9.05806,38.76306,60
11/23/2019,6.48,9.05806,38.76306,27
11/24/2019,16.85,9.05806,38.76306,61
11/25/2019,13.52,9.05806,38.76306,54
11/26/2019,12.57,9.05806,38.76306,52
11/27/2019,12.57,9.05806,38.76306,52
11/28/2019,12,9.05806,38.76306,50
11/29/2019,14,9.05806,38.76306,55
11/30/2019,16.85,9.05806,38.76306,61
12/1/2019,18.75,9.05806,38.76306,65
12/2/2019,22.08,9.05806,38.76306,72
12/3/2019,15.42,9.05806,38.76306,58
12/4/2019,17.8,9.05806,38.76306,63
12/5/2019,20.65,9.05806,38.76306,69
12/6/2019,25.41,9.05806,38.76306,79
12/7/2019,27.31,9.05806,38.76306,83
12/8/2019,16.85,9.05806,38.76306,61
12/9/2019,10.8,9.05806,38.76306,45
12/10/2019,9.84,9.05806,38.76306,41
12/11/2019,12.1,9.05806,38.76306,51
12/12/2019,11.28,9.05806,38.76306,47
12/13/2019,11.28,9.05806,38.76306,47
1/2/2020,8.64,9.05806,38.76306,36
1/3/2020,14,9.05806,38.76306,55
1/4/2020,14.95,9.05806,38.76306,57
1/5/2020,15.42,9.05806,38.76306,58
1/6/2020,19.7,9.05806,38.76306,67
1/7/2020,25.88,9.05806,38.76306,80
1/8/2020,10.8,9.05806,38.76306,45
1/9/2020,17.8,9.05806,38.76306,63
1/10/2020,23.51,9.05806,38.76306,75
1/11/2020,23.03,9.05806,38.76306,74
1/12/2020,24.46,9.05806,38.76306,77
1/13/2020,22.56,9.05806,38.76306,73
1/14/2020,18.75,9.05806,38.76306,65
1/15/2020,19.23,9.05806,38.76306,66
1/16/2020,19.7,9.05806,38.76306,67
1/17/2020,23.03,9.05806,38.76306,74
1/18/2020,27.31,9.05806,38.76306,83
1/19/2020,28.26,9.05806,38.76306,85
1/20/2020,25.88,9.05806,38.76306,80
1/21/2020,24.46,9.05806,38.76306,77
1/22/2020,22.08,9.05806,38.76306,72
1/23/2020,20.65,9.05806,38.76306,69
1/24/2020,18.75,9.05806,38.76306,65
1/25/2020,23.03,9.05806,38.76306,74
1/26/2020,27.31,9.05806,38.76306,83
1/27/2020,17.8,9.05806,38.76306,63
1/28/2020,14.95,9.05806,38.76306,57
1/29/2020,29.69,9.05806,38.76306,88
1/30/2020,29.69,9.05806,38.76306,88
1/31/2020,37.12,9.05806,38.76306,105
2/1/2020,36.31,9.05806,38.76306,103
2/2/2020,24.46,9.05806,38.76306,77
2/3/2020,21.13,9.05806,38.76306,70
2/4/2020,22.56,9.05806,38.76306,73
2/5/2020,17.8,9.05806,38.76306,63
2/6/2020,14.95,9.05806,38.76306,57
2/7/2020,18.28,9.05806,38.76306,64
2/8/2020,15.9,9.05806,38.76306,59
2/9/2020,15.42,9.05806,38.76306,58
2/10/2020,22.56,9.05806,38.76306,73
2/11/2020,26.84,9.05806,38.76306,82
2/12/2020,20.65,9.05806,38.76306,69
2/13/2020,11.28,9.05806,38.76306,47
2/14/2020,20.18,9.05806,38.76306,68
2/15/2020,19.23,9.05806,38.76306,66
2/16/2020,20.65,9.05806,38.76306,69
2/17/2020,16.85,9.05806,38.76306,61
2/18/2020,14.47,9.05806,38.76306,56
2/19/2020,17.33,9.05806,38.76306,62
2/20/2020,23.51,9.05806,38.76306,75
2/21/2020,23.98,9.05806,38.76306,76
2/22/2020,17.33,9.05806,38.76306,62
2/23/2020,18.28,9.05806,38.76306,64
2/24/2020,10.32,9.05806,38.76306,43
2/25/2020,23.51,9.05806,38.76306,75
2/26/2020,25.88,9.05806,38.76306,80
2/27/2020,23.98,9.05806,38.76306,76
2/28/2020,20.18,9.05806,38.76306,68
2/29/2020,28.26,9.05806,38.76306,85
3/1/2020,35.5,9.05806,38.76306,101
3/2/2020,48.08,9.05806,38.76306,132
3/3/2020,35.4,9.05806,38.76306,100
3/4/2020,36.31,9.05806,38.76306,103
3/5/2020,28.26,9.05806,38.76306,85
3/6/2020,29.21,9.05806,38.76306,87
3/7/2020,29.69,9.05806,38.76306,88
3/8/2020,24.93,9.05806,38.76306,78
3/9/2020,25.41,9.05806,38.76306,79
3/10/2020,23.98,9.05806,38.76306,76
3/11/2020,23.51,9.05806,38.76306,75
3/12/2020,23.03,9.05806,38.76306,74
3/13/2020,33.02,9.05806,38.76306,95
3/14/2020,28.26,9.05806,38.76306,85
3/15/2020,29.21,9.05806,38.76306,87
3/16/2020,27.79,9.05806,38.76306,84
3/17/2020,18.75,9.05806,38.76306,65
3/18/2020,14.47,9.05806,38.76306,56
3/20/2020,15.42,9.05806,38.76306,58
3/21/2020,11.52,9.05806,38.76306,48
3/22/2020,24.46,9.05806,38.76306,77
3/23/2020,17.8,9.05806,38.76306,63
3/24/2020,18.28,9.05806,38.76306,64
3/25/2020,28.74,9.05806,38.76306,86
3/26/2020,25.41,9.05806,38.76306,79
3/27/2020,22.08,9.05806,38.76306,72
3/28/2020,17.33,9.05806,38.76306,62
3/29/2020,15.42,9.05806,38.76306,58
3/30/2020,17.33,9.05806,38.76306,62
3/31/2020,16.37,9.05806,38.76306,60
4/1/2020,16.37,9.05806,38.76306,60
4/2/2020,16.85,9.05806,38.76306,61
4/3/2020,16.37,9.05806,38.76306,60
4/4/2020,16.37,9.05806,38.76306,60
4/5/2020,10.8,9.05806,38.76306,45
4/6/2020,10.56,9.05806,38.76306,44
4/7/2020,11.76,9.05806,38.76306,49
4/8/2020,14,9.05806,38.76306,55
4/9/2020,13.52,9.05806,38.76306,54
4/10/2020,21.13,9.05806,38.76306,70
4/11/2020,12.57,9.05806,38.76306,52
4/12/2020,11.52,9.05806,38.76306,48
4/13/2020,16.85,9.05806,38.76306,61
4/14/2020,11.04,9.05806,38.76306,46
4/15/2020,11.52,9.05806,38.76306,48
4/16/2020,16.85,9.05806,38.76306,61
4/17/2020,10.32,9.05806,38.76306,43
4/18/2020,31.12,9.05806,38.76306,91
4/19/2020,33.49,9.05806,38.76306,96
4/20/2020,24.46,9.05806,38.76306,77
4/21/2020,28.26,9.05806,38.76306,85
4/22/2020,25.41,9.05806,38.76306,79
4/23/2020,21.13,9.05806,38.76306,70
4/24/2020,31.12,9.05806,38.76306,91
4/25/2020,17.33,9.05806,38.76306,62
4/26/2020,14.95,9.05806,38.76306,57
4/27/2020,11.28,9.05806,38.76306,47
4/28/2020,22.56,9.05806,38.76306,73
4/29/2020,32.54,9.05806,38.76306,94
4/30/2020,32.07,9.05806,38.76306,93
5/1/2020,17.33,9.05806,38.76306,62
5/2/2020,34.44,9.05806,38.76306,98
5/3/2020,20.65,9.05806,38.76306,69
5/4/2020,14.47,9.05806,38.76306,56
5/5/2020,13.05,9.05806,38.76306,53
5/6/2020,14,9.05806,38.76306,55
5/7/2020,10.32,9.05806,38.76306,43
5/8/2020,10.32,9.05806,38.76306,43
5/9/2020,9.84,9.05806,38.76306,41
5/10/2020,15.9,9.05806,38.76306,59
5/11/2020,8.64,9.05806,38.76306,36
5/12/2020,13.05,9.05806,38.76306,53
5/13/2020,14.47,9.05806,38.76306,56
5/14/2020,24.93,9.05806,38.76306,78
5/15/2020,32.54,9.05806,38.76306,94
5/16/2020,30.64,9.05806,38.76306,90
5/17/2020,26.36,9.05806,38.76306,81
5/18/2020,25.41,9.05806,38.76306,79
5/19/2020,27.31,9.05806,38.76306,83
5/20/2020,27.79,9.05806,38.76306,84
5/21/2020,21.61,9.05806,38.76306,71
5/22/2020,21.13,9.05806,38.76306,70
5/23/2020,25.41,9.05806,38.76306,79
5/24/2020,27.31,9.05806,38.76306,83
5/25/2020,29.69,9.05806,38.76306,88
5/26/2020,29.21,9.05806,38.76306,87
5/27/2020,28.26,9.05806,38.76306,85
5/28/2020,31.59,9.05806,38.76306,92
5/29/2020,32.54,9.05806,38.76306,94
5/30/2020,37.12,9.05806,38.76306,105
5/31/2020,36.71,9.05806,38.76306,104
6/1/2020,34.92,9.05806,38.76306,99
6/2/2020,33.49,9.05806,38.76306,96
6/3/2020,33.97,9.05806,38.76306,97
6/4/2020,34.44,9.05806,38.76306,98
6/5/2020,21.13,9.05806,38.76306,70
6/11/2020,54.18,9.05806,38.76306,147
6/12/2020,41.18,9.05806,38.76306,115
6/13/2020,40.77,9.05806,38.76306,114
6/14/2020,44.02,9.05806,38.76306,122
6/15/2020,36.31,9.05806,38.76306,103
6/16/2020,31.12,9.05806,38.76306,91
6/17/2020,38.74,9.05806,38.76306,109
6/18/2020,46.05,9.05806,38.76306,127
6/19/2020,37.12,9.05806,38.76306,105
6/20/2020,33.02,9.05806,38.76306,95
6/21/2020,35.9,9.05806,38.76306,102
6/22/2020,39.15,9.05806,38.76306,110
6/23/2020,33.02,9.05806,38.76306,95
6/24/2020,34.44,9.05806,38.76306,98
6/25/2020,37.93,9.05806,38.76306,107
6/26/2020,32.54,9.05806,38.76306,94
6/27/2020,38.34,9.05806,38.76306,108
6/28/2020,33.97,9.05806,38.76306,97
6/29/2020,31.12,9.05806,38.76306,91
6/30/2020,30.64,9.05806,38.76306,90
7/1/2020,25.88,9.05806,38.76306,80
7/2/2020,23.98,9.05806,38.76306,76
7/3/2020,23.51,9.05806,38.76306,75
7/4/2020,23.03,9.05806,38.76306,74
7/5/2020,23.51,9.05806,38.76306,75
7/6/2020,33.49,9.05806,38.76306,96
7/7/2020,33.49,9.05806,38.76306,96
7/8/2020,23.98,9.05806,38.76306,76
7/9/2020,30.64,9.05806,38.76306,90
7/10/2020,35.9,9.05806,38.76306,102
7/11/2020,35.9,9.05806,38.76306,102
7/12/2020,33.97,9.05806,38.76306,97
7/13/2020,26.36,9.05806,38.76306,81
7/14/2020,25.88,9.05806,38.76306,80
7/15/2020,35.9,9.05806,38.76306,102
7/16/2020,36.71,9.05806,38.76306,104
7/17/2020,30.64,9.05806,38.76306,90
7/18/2020,38.74,9.05806,38.76306,109
7/19/2020,26.36,9.05806,38.76306,81
7/20/2020,27.31,9.05806,38.76306,83
7/21/2020,25.41,9.05806,38.76306,79
7/22/2020,28.26,9.05806,38.76306,85
7/23/2020,18.75,9.05806,38.76306,65
7/24/2020,30.64,9.05806,38.76306,90
7/25/2020,41.18,9.05806,38.76306,115
7/26/2020,23.03,9.05806,38.76306,74
7/27/2020,23.98,9.05806,38.76306,76
7/28/2020,30.16,9.05806,38.76306,89
7/29/2020,27.79,9.05806,38.76306,84
7/30/2020,29.69,9.05806,38.76306,88
7/31/2020,15.9,9.05806,38.76306,59
8/1/2020,24.93,9.05806,38.76306,78
8/2/2020,23.98,9.05806,38.76306,76
8/3/2020,15.42,9.05806,38.76306,58
8/4/2020,20.65,9.05806,38.76306,69
8/5/2020,22.56,9.05806,38.76306,73
8/6/2020,19.23,9.05806,38.76306,66
8/7/2020,13.05,9.05806,38.76306,53
8/8/2020,24.93,9.05806,38.76306,78
8/9/2020,22.56,9.05806,38.76306,73
8/10/2020,11.04,9.05806,38.76306,46
8/11/2020,20.18,9.05806,38.76306,68
8/12/2020,25.88,9.05806,38.76306,80
8/13/2020,33.02,9.05806,38.76306,95
8/14/2020,32.07,9.05806,38.76306,93
8/15/2020,35.5,9.05806,38.76306,101
8/16/2020,29.21,9.05806,38.76306,87
8/17/2020,26.84,9.05806,38.76306,82
8/18/2020,35.5,9.05806,38.76306,101
8/19/2020,29.69,9.05806,38.76306,88
8/20/2020,34.92,9.05806,38.76306,99
8/21/2020,25.41,9.05806,38.76306,79
8/22/2020,17.8,9.05806,38.76306,63
8/23/2020,15.42,9.05806,38.76306,58
8/25/2020,25.41,9.05806,38.76306,79
8/26/2020,25.88,9.05806,38.76306,80
8/27/2020,22.56,9.05806,38.76306,73
8/28/2020,29.69,9.05806,38.76306,88
8/29/2020,14.95,9.05806,38.76306,57
8/30/2020,24.93,9.05806,38.76306,78
8/31/2020,24.46,9.05806,38.76306,77
9/1/2020,29.69,9.05806,38.76306,88
9/2/2020,27.79,9.05806,38.76306,84
9/3/2020,24.93,9.05806,38.76306,78
9/4/2020,29.21,9.05806,38.76306,87
9/5/2020,31.12,9.05806,38.76306,91
9/6/2020,28.26,9.05806,38.76306,85
9/7/2020,37.93,9.05806,38.76306,107
9/8/2020,32.07,9.05806,38.76306,93
9/9/2020,25.41,9.05806,38.76306,79
9/10/2020,30.64,9.05806,38.76306,90
9/11/2020,36.71,9.05806,38.76306,104
9/12/2020,22.08,9.05806,38.76306,72
9/13/2020,22.56,9.05806,38.76306,73
9/14/2020,25.41,9.05806,38.76306,79
9/15/2020,30.16,9.05806,38.76306,89
9/16/2020,24.46,9.05806,38.76306,77
9/17/2020,21.61,9.05806,38.76306,71
9/18/2020,27.79,9.05806,38.76306,84
9/19/2020,34.44,9.05806,38.76306,98
9/20/2020,27.79,9.05806,38.76306,84
9/21/2020,28.74,9.05806,38.76306,86
9/22/2020,32.07,9.05806,38.76306,93
9/23/2020,36.31,9.05806,38.76306,103
9/24/2020,32.07,9.05806,38.76306,93
9/25/2020,37.93,9.05806,38.76306,107
9/26/2020,50.12,9.05806,38.76306,137
9/27/2020,49.71,9.05806,38.76306,136
9/29/2020,22.08,9.05806,38.76306,72
9/30/2020,35.5,9.05806,38.76306,101
10/1/2020,30.16,9.05806,38.76306,89
10/2/2020,16.85,9.05806,38.76306,61
10/3/2020,23.51,9.05806,38.76306,75
10/4/2020,20.18,9.05806,38.76306,68
10/5/2020,15.9,9.05806,38.76306,59
10/6/2020,21.61,9.05806,38.76306,71
10/7/2020,13.05,9.05806,38.76306,53
10/8/2020,13.52,9.05806,38.76306,54
10/9/2020,17.8,9.05806,38.76306,63
10/10/2020,22.56,9.05806,38.76306,73
10/11/2020,23.51,9.05806,38.76306,75
10/12/2020,23.51,9.05806,38.76306,75
10/13/2020,19.23,9.05806,38.76306,66
10/14/2020,23.03,9.05806,38.76306,74
10/15/2020,19.23,9.05806,38.76306,66
10/16/2020,19.7,9.05806,38.76306,67
10/17/2020,23.98,9.05806,38.76306,76
10/18/2020,24.46,9.05806,38.76306,77
10/19/2020,19.7,9.05806,38.76306,67
10/20/2020,22.56,9.05806,38.76306,73
10/21/2020,22.08,9.05806,38.76306,72
10/22/2020,25.41,9.05806,38.76306,79
10/23/2020,21.61,9.05806,38.76306,71
10/24/2020,23.98,9.05806,38.76306,76
10/25/2020,16.37,9.05806,38.76306,60
10/26/2020,15.42,9.05806,38.76306,58
10/27/2020,14.95,9.05806,38.76306,57
10/28/2020,12.1,9.05806,38.76306,51
10/29/2020,14,9.05806,38.76306,55
10/30/2020,15.9,9.05806,38.76306,59
10/31/2020,15.42,9.05806,38.76306,58
11/1/2020,11.76,9.05806,38.76306,49
11/2/2020,15.9,9.05806,38.76306,59
11/3/2020,12.57,9.05806,38.76306,52
11/4/2020,14.95,9.05806,38.76306,57
11/5/2020,13.52,9.05806,38.76306,54
11/6/2020,16.85,9.05806,38.76306,61
11/7/2020,12.57,9.05806,38.76306,52
11/8/2020,16.37,9.05806,38.76306,60
11/9/2020,12.1,9.05806,38.76306,51
11/12/2020,13.52,9.05806,38.76306,54
11/13/2020,11.28,9.05806,38.76306,47
11/14/2020,16.85,9.05806,38.76306,61
11/15/2020,12,9.05806,38.76306,50
11/18/2020,16.37,9.05806,38.76306,60
11/19/2020,23.98,9.05806,38.76306,76
11/20/2020,26.84,9.05806,38.76306,82
11/21/2020,21.61,9.05806,38.76306,71
11/22/2020,20.65,9.05806,38.76306,69
11/23/2020,15.9,9.05806,38.76306,59
11/24/2020,15.9,9.05806,38.76306,59
11/25/2020,23.03,9.05806,38.76306,74
11/26/2020,18.28,9.05806,38.76306,64
11/27/2020,12.1,9.05806,38.76306,51
11/28/2020,12,9.05806,38.76306,50
11/29/2020,13.05,9.05806,38.76306,53
11/30/2020,14.47,9.05806,38.76306,56
12/1/2020,12.57,9.05806,38.76306,52
12/2/2020,19.7,9.05806,38.76306,67
12/3/2020,16.85,9.05806,38.76306,61
12/4/2020,11.76,9.05806,38.76306,49
12/5/2020,17.8,9.05806,38.76306,63
12/6/2020,13.05,9.05806,38.76306,53
12/7/2020,16.37,9.05806,38.76306,60
12/8/2020,12,9.05806,38.76306,50
12/9/2020,11.76,9.05806,38.76306,49
12/10/2020,14.95,9.05806,38.76306,57
12/11/2020,23.51,9.05806,38.76306,75
12/12/2020,23.51,9.05806,38.76306,75
12/13/2020,16.85,9.05806,38.76306,61
12/14/2020,18.28,9.05806,38.76306,64
12/15/2020,12.1,9.05806,38.76306,51
12/16/2020,14.47,9.05806,38.76306,56
12/17/2020,13.05,9.05806,38.76306,53
12/18/2020,20.65,9.05806,38.76306,69
12/19/2020,17.8,9.05806,38.76306,63
12/20/2020,10.56,9.05806,38.76306,44
12/21/2020,14.47,9.05806,38.76306,56
12/22/2020,13.52,9.05806,38.76306,54
12/23/2020,20.65,9.05806,38.76306,69
12/24/2020,16.85,9.05806,38.76306,61
12/25/2020,21.61,9.05806,38.76306,71
12/26/2020,22.56,9.05806,38.76306,73
12/27/2020,30.16,9.05806,38.76306,89
12/28/2020,12,9.05806,38.76306,50
12/29/2020,12.1,9.05806,38.76306,51
12/30/2020,17.8,9.05806,38.76306,63
12/31/2020,18.28,9.05806,38.76306,64
1/1/2021,13.52,9.05806,38.76306,54
1/2/2021,14,9.05806,38.76306,55
1/3/2021,20.18,9.05806,38.76306,68
1/4/2021,12,9.05806,38.76306,50
1/5/2021,14,9.05806,38.76306,55
1/6/2021,22.56,9.05806,38.76306,73
1/7/2021,27.31,9.05806,38.76306,83
1/8/2021,19.7,9.05806,38.76306,67
1/9/2021,31.59,9.05806,38.76306,92
1/10/2021,31.59,9.05806,38.76306,92
1/11/2021,32.07,9.05806,38.76306,93
1/12/2021,27.79,9.05806,38.76306,84
1/13/2021,24.93,9.05806,38.76306,78
1/14/2021,27.79,9.05806,38.76306,84
1/15/2021,24.46,9.05806,38.76306,77
1/16/2021,22.56,9.05806,38.76306,73
1/17/2021,30.16,9.05806,38.76306,89
1/18/2021,19.23,9.05806,38.76306,66
1/19/2021,18.75,9.05806,38.76306,65
1/20/2021,16.37,9.05806,38.76306,60
1/21/2021,17.33,9.05806,38.76306,62
1/22/2021,14.95,9.05806,38.76306,57
1/23/2021,11.04,9.05806,38.76306,46
1/24/2021,15.42,9.05806,38.76306,58
1/25/2021,21.13,9.05806,38.76306,70
1/26/2021,23.03,9.05806,38.76306,74
1/27/2021,14.47,9.05806,38.76306,56
1/28/2021,15.42,9.05806,38.76306,58
1/29/2021,18.28,9.05806,38.76306,64
1/30/2021,12,9.05806,38.76306,50
2/1/2021,11.52,9.05806,38.76306,48
2/2/2021,18.28,9.05806,38.76306,64
2/3/2021,14.95,9.05806,38.76306,57
2/4/2021,19.7,9.05806,38.76306,67
2/5/2021,26.84,9.05806,38.76306,82
2/6/2021,32.07,9.05806,38.76306,93
2/7/2021,29.21,9.05806,38.76306,87
2/8/2021,14.95,9.05806,38.76306,57
2/9/2021,14,9.05806,38.76306,55
2/10/2021,31.12,9.05806,38.76306,91
2/11/2021,38.34,9.05806,38.76306,108
2/12/2021,37.53,9.05806,38.76306,106
2/13/2021,33.49,9.05806,38.76306,96
2/14/2021,22.56,9.05806,38.76306,73
2/15/2021,21.13,9.05806,38.76306,70
2/26/2021,11.04,9.05806,38.76306,46
2/27/2021,19.7,9.05806,38.76306,67
2/28/2021,20.18,9.05806,38.76306,68
3/1/2021,15.42,9.05806,38.76306,58
3/2/2021,12.1,9.05806,38.76306,51
3/3/2021,17.33,9.05806,38.76306,62
3/4/2021,15.9,9.05806,38.76306,59
3/5/2021,16.85,9.05806,38.76306,61
3/6/2021,18.28,9.05806,38.76306,64
3/7/2021,21.61,9.05806,38.76306,71
3/8/2021,20.65,9.05806,38.76306,69
3/9/2021,20.18,9.05806,38.76306,68
3/10/2021,15.42,9.05806,38.76306,58
3/11/2021,13.05,9.05806,38.76306,53
3/12/2021,14,9.05806,38.76306,55
3/13/2021,17.8,9.05806,38.76306,63
3/14/2021,13.52,9.05806,38.76306,54
3/15/2021,12.57,9.05806,38.76306,52
3/16/2021,13.05,9.05806,38.76306,53
3/17/2021,12.1,9.05806,38.76306,51
3/18/2021,14,9.05806,38.76306,55
3/19/2021,15.42,9.05806,38.76306,58
3/20/2021,11.52,9.05806,38.76306,48
3/21/2021,10.32,9.05806,38.76306,43
3/22/2021,14.95,9.05806,38.76306,57
3/23/2021,14.47,9.05806,38.76306,56
3/24/2021,14.95,9.05806,38.76306,57
3/25/2021,18.75,9.05806,38.76306,65
3/26/2021,15.9,9.05806,38.76306,59
3/27/2021,19.23,9.05806,38.76306,66
3/28/2021,19.23,9.05806,38.76306,66
3/29/2021,20.18,9.05806,38.76306,68
3/30/2021,17.33,9.05806,38.76306,62
3/31/2021,24.46,9.05806,38.76306,77
4/1/2021,21.61,9.05806,38.76306,71
4/2/2021,22.08,9.05806,38.76306,72
4/3/2021,22.56,9.05806,38.76306,73
4/4/2021,26.36,9.05806,38.76306,81
4/5/2021,22.56,9.05806,38.76306,73
4/6/2021,19.7,9.05806,38.76306,67
4/7/2021,25.41,9.05806,38.76306,79
4/8/2021,23.03,9.05806,38.76306,74
4/9/2021,17.33,9.05806,38.76306,62
4/10/2021,23.03,9.05806,38.76306,74
4/11/2021,16.37,9.05806,38.76306,60
4/12/2021,19.7,9.05806,38.76306,67
4/13/2021,13.52,9.05806,38.76306,54
4/14/2021,17.8,9.05806,38.76306,63
4/15/2021,18.28,9.05806,38.76306,64
4/16/2021,22.56,9.05806,38.76306,73
4/17/2021,17.33,9.05806,38.76306,62
4/18/2021,29.21,9.05806,38.76306,87
4/19/2021,19.23,9.05806,38.76306,66
4/20/2021,15.9,9.05806,38.76306,59
4/21/2021,22.56,9.05806,38.76306,73
4/22/2021,23.51,9.05806,38.76306,75
4/23/2021,13.52,9.05806,38.76306,54
4/24/2021,15.9,9.05806,38.76306,59
4/25/2021,24.93,9.05806,38.76306,78
4/26/2021,17.8,9.05806,38.76306,63
4/27/2021,23.03,9.05806,38.76306,74
4/28/2021,24.93,9.05806,38.76306,78
4/29/2021,30.64,9.05806,38.76306,90
4/30/2021,23.51,9.05806,38.76306,75
5/1/2021,13.05,9.05806,38.76306,53
5/3/2021,12.1,9.05806,38.76306,51
5/4/2021,18.75,9.05806,38.76306,65
5/5/2021,15.9,9.05806,38.76306,59
5/6/2021,16.37,9.05806,38.76306,60
5/7/2021,10.08,9.05806,38.76306,42
5/8/2021,22.56,9.05806,38.76306,73
5/9/2021,18.28,9.05806,38.76306,64
5/10/2021,17.8,9.05806,38.76306,63
5/11/2021,21.13,9.05806,38.76306,70
5/12/2021,23.03,9.05806,38.76306,74
5/13/2021,22.56,9.05806,38.76306,73
5/14/2021,25.41,9.05806,38.76306,79
5/15/2021,28.26,9.05806,38.76306,85
5/16/2021,28.74,9.05806,38.76306,86
5/17/2021,27.79,9.05806,38.76306,84
5/18/2021,19.23,9.05806,38.76306,66
5/19/2021,23.51,9.05806,38.76306,75
5/20/2021,29.69,9.05806,38.76306,88
5/21/2021,23.98,9.05806,38.76306,76
5/22/2021,26.84,9.05806,38.76306,82
5/23/2021,23.98,9.05806,38.76306,76
5/24/2021,27.79,9.05806,38.76306,84
5/25/2021,23.98,9.05806,38.76306,76
5/26/2021,21.13,9.05806,38.76306,70
5/27/2021,23.51,9.05806,38.76306,75
5/28/2021,25.88,9.05806,38.76306,80
5/29/2021,11.52,9.05806,38.76306,48
5/30/2021,13.05,9.05806,38.76306,53
5/31/2021,14,9.05806,38.76306,55
6/1/2021,27.79,9.05806,38.76306,84
6/2/2021,30.64,9.05806,38.76306,90
6/3/2021,30.16,9.05806,38.76306,89
6/4/2021,21.13,9.05806,38.76306,70
6/5/2021,15.9,9.05806,38.76306,59
6/6/2021,15.42,9.05806,38.76306,58
6/7/2021,12.57,9.05806,38.76306,52
6/8/2021,19.23,9.05806,38.76306,66
6/9/2021,22.56,9.05806,38.76306,73
6/12/2021,35.5,9.05806,38.76306,101
6/13/2021,38.74,9.05806,38.76306,109
6/14/2021,38.74,9.05806,38.76306,109
6/15/2021,37.53,9.05806,38.76306,106
6/16/2021,37.93,9.05806,38.76306,107
6/17/2021,48.9,9.05806,38.76306,134
6/18/2021,52.15,9.05806,38.76306,142
6/19/2021,45.24,9.05806,38.76306,125
6/20/2021,33.49,9.05806,38.76306,96
6/21/2021,30.64,9.05806,38.76306,90
6/22/2021,39.96,9.05806,38.76306,112
6/23/2021,35.9,9.05806,38.76306,102
6/24/2021,30.64,9.05806,38.76306,90
6/25/2021,35.4,9.05806,38.76306,100
6/26/2021,40.37,9.05806,38.76306,113
6/27/2021,32.54,9.05806,38.76306,94
6/28/2021,27.31,9.05806,38.76306,83
6/29/2021,33.02,9.05806,38.76306,95
6/30/2021,22.56,9.05806,38.76306,73
7/1/2021,22.08,9.05806,38.76306,72
7/2/2021,31.12,9.05806,38.76306,91
7/3/2021,35.5,9.05806,38.76306,101
7/4/2021,32.07,9.05806,38.76306,93
7/5/2021,37.12,9.05806,38.76306,105
7/6/2021,40.77,9.05806,38.76306,114
7/7/2021,32.54,9.05806,38.76306,94
7/8/2021,33.97,9.05806,38.76306,97
7/9/2021,27.31,9.05806,38.76306,83
7/10/2021,30.64,9.05806,38.76306,90
7/11/2021,27.31,9.05806,38.76306,83
7/12/2021,18.75,9.05806,38.76306,65
7/13/2021,36.71,9.05806,38.76306,104
7/14/2021,39.96,9.05806,38.76306,112
7/15/2021,41.59,9.05806,38.76306,116
7/16/2021,41.18,9.05806,38.76306,115
7/17/2021,29.69,9.05806,38.76306,88
7/18/2021,31.59,9.05806,38.76306,92
7/19/2021,20.18,9.05806,38.76306,68
7/21/2021,37.53,9.05806,38.76306,106
7/22/2021,26.84,9.05806,38.76306,82
7/23/2021,17.8,9.05806,38.76306,63
7/24/2021,28.26,9.05806,38.76306,85
7/25/2021,21.13,9.05806,38.76306,70
7/26/2021,23.51,9.05806,38.76306,75
7/27/2021,27.31,9.05806,38.76306,83
7/28/2021,36.31,9.05806,38.76306,103
7/29/2021,29.69,9.05806,38.76306,88
7/30/2021,29.21,9.05806,38.76306,87
7/31/2021,32.07,9.05806,38.76306,93
8/1/2021,18.28,9.05806,38.76306,64
8/2/2021,37.93,9.05806,38.76306,107
8/3/2021,26.36,9.05806,38.76306,81
8/4/2021,30.16,9.05806,38.76306,89
8/5/2021,29.21,9.05806,38.76306,87
8/6/2021,40.37,9.05806,38.76306,113
8/7/2021,29.21,9.05806,38.76306,87
8/8/2021,32.07,9.05806,38.76306,93
8/9/2021,27.79,9.05806,38.76306,84
8/10/2021,29.21,9.05806,38.76306,87
8/11/2021,32.07,9.05806,38.76306,93
8/12/2021,32.54,9.05806,38.76306,94
8/13/2021,26.84,9.05806,38.76306,82
8/14/2021,28.26,9.05806,38.76306,85
8/15/2021,31.12,9.05806,38.76306,91
8/16/2021,26.84,9.05806,38.76306,82
8/17/2021,33.02,9.05806,38.76306,95
8/18/2021,43.21,9.05806,38.76306,120
8/19/2021,36.31,9.05806,38.76306,103
8/20/2021,32.07,9.05806,38.76306,93
8/21/2021,30.16,9.05806,38.76306,89
8/22/2021,35.4,9.05806,38.76306,100
8/23/2021,21.61,9.05806,38.76306,71
8/24/2021,23.51,9.05806,38.76306,75
8/25/2021,18.75,9.05806,38.76306,65
8/26/2021,24.93,9.05806,38.76306,78
8/27/2021,17.33,9.05806,38.76306,62
8/28/2021,26.84,9.05806,38.76306,82
8/29/2021,33.02,9.05806,38.76306,95
8/30/2021,35.5,9.05806,38.76306,101
8/31/2021,33.97,9.05806,38.76306,97
9/1/2021,33.49,9.05806,38.76306,96
9/2/2021,30.16,9.05806,38.76306,89
9/3/2021,28.26,9.05806,38.76306,85
9/4/2021,32.54,9.05806,38.76306,94
9/5/2021,31.12,9.05806,38.76306,91
9/6/2021,32.07,9.05806,38.76306,93
9/7/2021,32.54,9.05806,38.76306,94
9/8/2021,22.56,9.05806,38.76306,73
9/9/2021,23.98,9.05806,38.76306,76
9/10/2021,40.37,9.05806,38.76306,113
9/11/2021,38.74,9.05806,38.76306,109
9/12/2021,21.61,9.05806,38.76306,71
9/13/2021,24.93,9.05806,38.76306,78
9/14/2021,32.07,9.05806,38.76306,93
9/15/2021,35.4,9.05806,38.76306,100
9/16/2021,32.54,9.05806,38.76306,94
9/17/2021,28.26,9.05806,38.76306,85
9/18/2021,25.88,9.05806,38.76306,80
9/19/2021,23.98,9.05806,38.76306,76
9/20/2021,26.36,9.05806,38.76306,81
9/21/2021,25.88,9.05806,38.76306,80
9/22/2021,31.12,9.05806,38.76306,91
9/23/2021,23.98,9.05806,38.76306,76
9/24/2021,19.23,9.05806,38.76306,66
9/25/2021,23.03,9.05806,38.76306,74
9/26/2021,50.12,9.05806,38.76306,137
9/27/2021,30.16,9.05806,38.76306,89
9/28/2021,23.03,9.05806,38.76306,74
9/29/2021,31.59,9.05806,38.76306,92
9/30/2021,31.12,9.05806,38.76306,91
10/1/2021,30.16,9.05806,38.76306,89
10/2/2021,23.51,9.05806,38.76306,75
10/3/2021,26.36,9.05806,38.76306,81
10/4/2021,27.79,9.05806,38.76306,84
10/5/2021,19.7,9.05806,38.76306,67
10/6/2021,30.16,9.05806,38.76306,89
10/7/2021,18.75,9.05806,38.76306,65
10/13/2021,22.08,9.05806,38.76306,72
10/14/2021,16.37,9.05806,38.76306,60
10/15/2021,17.8,9.05806,38.76306,63
10/16/2021,16.37,9.05806,38.76306,60
10/17/2021,16.85,9.05806,38.76306,61
10/18/2021,13.52,9.05806,38.76306,54
10/19/2021,16.37,9.05806,38.76306,60
10/20/2021,14.47,9.05806,38.76306,56
10/21/2021,11.52,9.05806,38.76306,48
10/22/2021,18.75,9.05806,38.76306,65
10/23/2021,21.13,9.05806,38.76306,70
10/24/2021,19.23,9.05806,38.76306,66
10/25/2021,15.9,9.05806,38.76306,59
10/26/2021,13.05,9.05806,38.76306,53
10/27/2021,12.1,9.05806,38.76306,51
10/28/2021,11.52,9.05806,38.76306,48
10/29/2021,20.18,9.05806,38.76306,68
10/30/2021,14.47,9.05806,38.76306,56
10/31/2021,12,9.05806,38.76306,50
11/1/2021,11.76,9.05806,38.76306,49
11/2/2021,19.7,9.05806,38.76306,67
11/3/2021,19.23,9.05806,38.76306,66
11/4/2021,19.23,9.05806,38.76306,66
11/5/2021,19.23,9.05806,38.76306,66
11/6/2021,14.95,9.05806,38.76306,57
11/7/2021,18.28,9.05806,38.76306,64
11/8/2021,14.95,9.05806,38.76306,57
11/9/2021,17.33,9.05806,38.76306,62
11/10/2021,18.28,9.05806,38.76306,64
11/11/2021,18.28,9.05806,38.76306,64
11/12/2021,19.23,9.05806,38.76306,66
11/13/2021,16.85,9.05806,38.76306,61
11/14/2021,19.23,9.05806,38.76306,66
11/15/2021,16.85,9.05806,38.76306,61
11/16/2021,22.08,9.05806,38.76306,72
11/17/2021,13.52,9.05806,38.76306,54
11/18/2021,14.47,9.05806,38.76306,56
11/19/2021,16.85,9.05806,38.76306,61
11/20/2021,18.28,9.05806,38.76306,64
11/21/2021,16.37,9.05806,38.76306,60
11/22/2021,12.1,9.05806,38.76306,51
11/23/2021,13.52,9.05806,38.76306,54
11/24/2021,23.03,9.05806,38.76306,74
11/25/2021,19.23,9.05806,38.76306,66
11/26/2021,16.85,9.05806,38.76306,61
11/27/2021,11.52,9.05806,38.76306,48
11/28/2021,11.76,9.05806,38.76306,49
11/29/2021,12,9.05806,38.76306,50
11/30/2021,15.9,9.05806,38.76306,59
12/1/2021,17.33,9.05806,38.76306,62
12/2/2021,17.8,9.05806,38.76306,63
12/3/2021,14.95,9.05806,38.76306,57
12/4/2021,21.13,9.05806,38.76306,70
12/5/2021,17.33,9.05806,38.76306,62
12/6/2021,15.42,9.05806,38.76306,58
12/7/2021,14,9.05806,38.76306,55
12/8/2021,17.33,9.05806,38.76306,62
12/9/2021,15.42,9.05806,38.76306,58
12/10/2021,14,9.05806,38.76306,55
12/11/2021,20.65,9.05806,38.76306,69
12/12/2021,12.57,9.05806,38.76306,52
12/13/2021,13.05,9.05806,38.76306,53
12/14/2021,13.52,9.05806,38.76306,54
12/15/2021,17.33,9.05806,38.76306,62
12/16/2021,15.9,9.05806,38.76306,59
12/17/2021,15.42,9.05806,38.76306,58
12/18/2021,14,9.05806,38.76306,55
12/19/2021,12.1,9.05806,38.76306,51
12/20/2021,11.76,9.05806,38.76306,49
12/21/2021,11.04,9.05806,38.76306,46
12/22/2021,14.95,9.05806,38.76306,57
12/23/2021,16.85,9.05806,38.76306,61
12/24/2021,11.52,9.05806,38.76306,48
12/25/2021,20.65,9.05806,38.76306,69
12/26/2021,8.39,9.05806,38.76306,35
12/27/2021,8.39,9.05806,38.76306,35
12/28/2021,8.39,9.05806,38.76306,35
12/29/2021,8.87,9.05806,38.76306,37
12/30/2021,7.68,9.05806,38.76306,32
1/4/2022,15.42,9.05806,38.76306,58
1/5/2022,14,9.05806,38.76306,55
1/6/2022,20.18,9.05806,38.76306,68
1/7/2022,21.13,9.05806,38.76306,70
1/8/2022,10.32,9.05806,38.76306,43
1/9/2022,15.42,9.05806,38.76306,58
1/10/2022,13.05,9.05806,38.76306,53
1/11/2022,12,9.05806,38.76306,50
1/12/2022,11.76,9.05806,38.76306,49
1/13/2022,10.8,9.05806,38.76306,45
1/14/2022,17.33,9.05806,38.76306,62
1/15/2022,12.57,9.05806,38.76306,52
1/17/2022,23.98,9.05806,38.76306,76
1/18/2022,23.03,9.05806,38.76306,74
1/19/2022,14,9.05806,38.76306,55
1/20/2022,16.85,9.05806,38.76306,61
1/21/2022,14.95,9.05806,38.76306,57
1/22/2022,10.56,9.05806,38.76306,44
1/23/2022,11.28,9.05806,38.76306,47
1/24/2022,12,9.05806,38.76306,50
1/25/2022,20.18,9.05806,38.76306,68
1/26/2022,21.61,9.05806,38.76306,71
1/27/2022,22.56,9.05806,38.76306,73
1/28/2022,28.26,9.05806,38.76306,85
1/29/2022,20.65,9.05806,38.76306,69
1/30/2022,17.33,9.05806,38.76306,62
1/31/2022,17.8,9.05806,38.76306,63
2/1/2022,14.47,9.05806,38.76306,56
2/2/2022,17.33,9.05806,38.76306,62
2/3/2022,20.65,9.05806,38.76306,69
2/4/2022,16.85,9.05806,38.76306,61
2/5/2022,18.28,9.05806,38.76306,64
2/6/2022,14.95,9.05806,38.76306,57
2/7/2022,21.13,9.05806,38.76306,70
2/8/2022,18.28,9.05806,38.76306,64
2/9/2022,19.23,9.05806,38.76306,66
2/10/2022,22.56,9.05806,38.76306,73
2/11/2022,27.31,9.05806,38.76306,83
2/12/2022,26.36,9.05806,38.76306,81
2/13/2022,23.98,9.05806,38.76306,76
2/14/2022,16.37,9.05806,38.76306,60
2/15/2022,21.61,9.05806,38.76306,71
2/16/2022,27.31,9.05806,38.76306,83
2/17/2022,25.41,9.05806,38.76306,79
2/18/2022,25.88,9.05806,38.76306,80
2/19/2022,24.93,9.05806,38.76306,78
2/20/2022,25.41,9.05806,38.76306,79
2/21/2022,23.03,9.05806,38.76306,74
2/22/2022,19.23,9.05806,38.76306,66
2/23/2022,37.12,9.05806,38.76306,105
2/24/2022,24.93,9.05806,38.76306,78
2/25/2022,17.8,9.05806,38.76306,63
2/26/2022,15.42,9.05806,38.76306,58
2/27/2022,19.7,9.05806,38.76306,67
2/28/2022,17.33,9.05806,38.76306,62
3/1/2022,16.37,9.05806,38.76306,60
3/2/2022,16.85,9.05806,38.76306,61
3/3/2022,20.18,9.05806,38.76306,68
3/4/2022,15.9,9.05806,38.76306,59
3/5/2022,16.37,9.05806,38.76306,60
3/6/2022,12.57,9.05806,38.76306,52
3/7/2022,14.95,9.05806,38.76306,57
3/8/2022,14,9.05806,38.76306,55
3/9/2022,19.23,9.05806,38.76306,66
3/10/2022,13.05,9.05806,38.76306,53
3/11/2022,12.57,9.05806,38.76306,52
3/12/2022,17.33,9.05806,38.76306,62
3/13/2022,19.23,9.05806,38.76306,66
3/14/2022,20.18,9.05806,38.76306,68
3/15/2022,20.65,9.05806,38.76306,69
3/16/2022,17.8,9.05806,38.76306,63
3/17/2022,22.56,9.05806,38.76306,73
3/18/2022,23.51,9.05806,38.76306,75
3/19/2022,23.51,9.05806,38.76306,75
3/20/2022,28.26,9.05806,38.76306,85
3/21/2022,29.69,9.05806,38.76306,88
3/22/2022,17.33,9.05806,38.76306,62
3/24/2022,35.4,9.05806,38.76306,100
3/25/2022,34.44,9.05806,38.76306,98
3/26/2022,27.31,9.05806,38.76306,83
3/27/2022,25.88,9.05806,38.76306,80
3/28/2022,24.93,9.05806,38.76306,78
3/29/2022,29.69,9.05806,38.76306,88
3/30/2022,37.53,9.05806,38.76306,106
3/31/2022,37.12,9.05806,38.76306,105
4/1/2022,30.16,9.05806,38.76306,89
4/2/2022,20.18,9.05806,38.76306,68
4/3/2022,19.7,9.05806,38.76306,67
4/4/2022,22.56,9.05806,38.76306,73
4/5/2022,18.28,9.05806,38.76306,64
4/6/2022,19.23,9.05806,38.76306,66
4/7/2022,22.08,9.05806,38.76306,72
4/8/2022,18.28,9.05806,38.76306,64
4/9/2022,23.03,9.05806,38.76306,74
4/10/2022,19.7,9.05806,38.76306,67
4/11/2022,22.56,9.05806,38.76306,73
4/12/2022,25.88,9.05806,38.76306,80
4/13/2022,17.33,9.05806,38.76306,62
4/14/2022,17.8,9.05806,38.76306,63
4/15/2022,19.23,9.05806,38.76306,66
4/16/2022,27.79,9.05806,38.76306,84
4/17/2022,27.79,9.05806,38.76306,84
4/18/2022,18.75,9.05806,38.76306,65
4/19/2022,19.23,9.05806,38.76306,66
4/20/2022,21.13,9.05806,38.76306,70
4/21/2022,23.51,9.05806,38.76306,75
4/22/2022,25.41,9.05806,38.76306,79
4/23/2022,40.37,9.05806,38.76306,113
4/24/2022,31.12,9.05806,38.76306,91
4/25/2022,18.28,9.05806,38.76306,64
4/26/2022,20.18,9.05806,38.76306,68
4/27/2022,20.18,9.05806,38.76306,68
4/28/2022,19.23,9.05806,38.76306,66
4/29/2022,14,9.05806,38.76306,55
4/30/2022,20.65,9.05806,38.76306,69
5/1/2022,30.16,9.05806,38.76306,89
5/2/2022,18.75,9.05806,38.76306,65
5/3/2022,16.37,9.05806,38.76306,60
5/4/2022,18.75,9.05806,38.76306,65
5/5/2022,17.8,9.05806,38.76306,63
5/6/2022,20.18,9.05806,38.76306,68
5/7/2022,23.51,9.05806,38.76306,75
5/8/2022,24.46,9.05806,38.76306,77
5/9/2022,26.36,9.05806,38.76306,81
5/10/2022,26.36,9.05806,38.76306,81
5/11/2022,27.79,9.05806,38.76306,84
5/12/2022,24.93,9.05806,38.76306,78
5/13/2022,33.49,9.05806,38.76306,96
5/14/2022,35.9,9.05806,38.76306,102
5/15/2022,32.54,9.05806,38.76306,94
5/16/2022,33.49,9.05806,38.76306,96
5/17/2022,36.31,9.05806,38.76306,103
8/1/2022,0.96,9.05806,38.76306,4
1/6/2023,12.57,9.05806,38.76306,52
1/7/2023,12.57,9.05806,38.76306,52
1/8/2023,9.36,9.05806,38.76306,39
1/9/2023,10.8,9.05806,38.76306,45
1/10/2023,11.04,9.05806,38.76306,46
1/11/2023,10.8,9.05806,38.76306,45
1/12/2023,12.57,9.05806,38.76306,52
1/13/2023,9.6,9.05806,38.76306,40
1/14/2023,15.42,9.05806,38.76306,58
1/15/2023,14.95,9.05806,38.76306,57
1/16/2023,12.1,9.05806,38.76306,51
1/17/2023,14,9.05806,38.76306,55
1/18/2023,20.65,9.05806,38.76306,69
1/19/2023,17.8,9.05806,38.76306,63
1/20/2023,19.23,9.05806,38.76306,66
1/21/2023,16.85,9.05806,38.76306,61
1/22/2023,21.13,9.05806,38.76306,70
1/23/2023,15.9,9.05806,38.76306,59
1/24/2023,12.57,9.05806,38.76306,52
1/25/2023,11.52,9.05806,38.76306,48
1/26/2023,12.57,9.05806,38.76306,52
1/27/2023,11.76,9.05806,38.76306,49
1/28/2023,16.37,9.05806,38.76306,60
2/1/2023,11.04,9.05806,38.76306,46
2/2/2023,12.57,9.05806,38.76306,52
2/3/2023,15.42,9.05806,38.76306,58
2/4/2023,24.93,9.05806,38.76306,78
2/6/2023,14.95,9.05806,38.76306,57
2/7/2023,12,9.05806,38.76306,50
2/8/2023,11.76,9.05806,38.76306,49
2/9/2023,16.37,9.05806,38.76306,60
2/10/2023,16.85,9.05806,38.76306,61
2/11/2023,11.04,9.05806,38.76306,46
2/12/2023,12,9.05806,38.76306,50
2/13/2023,11.04,9.05806,38.76306,46
2/15/2023,16.37,9.05806,38.76306,60
2/16/2023,20.65,9.05806,38.76306,69
2/17/2023,22.08,9.05806,38.76306,72
2/18/2023,13.05,9.05806,38.76306,53
2/21/2023,48.49,9.05806,38.76306,133
2/22/2023,26.84,9.05806,38.76306,82
2/23/2023,21.61,9.05806,38.76306,71
2/24/2023,24.93,9.05806,38.76306,78
4/13/2023,18.75,9.05806,38.76306,65
4/14/2023,10.08,9.05806,38.76306,42
5/9/2023,30.64,9.05806,38.76306,90
5/10/2023,31.12,9.05806,38.76306,91
5/11/2023,23.51,9.05806,38.76306,75
5/12/2023,23.03,9.05806,38.76306,74
5/13/2023,27.31,9.05806,38.76306,83
5/14/2023,29.21,9.05806,38.76306,87
5/15/2023,19.23,9.05806,38.76306,66
5/16/2023,25.41,9.05806,38.76306,79
5/17/2023,20.18,9.05806,38.76306,68
5/18/2023,23.51,9.05806,38.76306,75
5/19/2023,25.41,9.05806,38.76306,79
5/20/2023,22.08,9.05806,38.76306,72
5/21/2023,19.7,9.05806,38.76306,67
5/22/2023,14.47,9.05806,38.76306,56
5/23/2023,21.13,9.05806,38.76306,70
5/24/2023,26.84,9.05806,38.76306,82
5/25/2023,22.56,9.05806,38.76306,73
5/26/2023,13.52,9.05806,38.76306,54
5/27/2023,12,9.05806,38.76306,50
5/28/2023,13.52,9.05806,38.76306,54
5/29/2023,15.9,9.05806,38.76306,59
5/30/2023,20.65,9.05806,38.76306,69
5/31/2023,11.28,9.05806,38.76306,47
6/1/2023,12.1,9.05806,38.76306,51
6/2/2023,17.33,9.05806,38.76306,62
6/3/2023,19.23,9.05806,38.76306,66
6/4/2023,13.52,9.05806,38.76306,54
6/5/2023,17.33,9.05806,38.76306,62
6/6/2023,26.36,9.05806,38.76306,81
6/7/2023,34.44,9.05806,38.76306,98
6/8/2023,35.9,9.05806,38.76306,102
6/9/2023,36.31,9.05806,38.76306,103
6/10/2023,35.5,9.05806,38.76306,101
6/11/2023,24.93,9.05806,38.76306,78
6/12/2023,33.49,9.05806,38.76306,96
6/14/2023,47.27,9.05806,38.76306,130
6/15/2023,34.92,9.05806,38.76306,99
6/16/2023,31.12,9.05806,38.76306,91
6/17/2023,34.92,9.05806,38.76306,99
6/18/2023,46.05,9.05806,38.76306,127
6/19/2023,37.93,9.05806,38.76306,107
6/20/2023,36.31,9.05806,38.76306,103
6/21/2023,39.15,9.05806,38.76306,110
6/22/2023,35.9,9.05806,38.76306,102
6/23/2023,35.5,9.05806,38.76306,101
6/24/2023,32.54,9.05806,38.76306,94
6/25/2023,32.54,9.05806,38.76306,94
6/26/2023,31.59,9.05806,38.76306,92
6/27/2023,30.64,9.05806,38.76306,90
6/28/2023,25.88,9.05806,38.76306,80
6/29/2023,26.84,9.05806,38.76306,82
6/30/2023,40.77,9.05806,38.76306,114
7/1/2023,38.74,9.05806,38.76306,109
7/2/2023,30.64,9.05806,38.76306,90
7/3/2023,24.46,9.05806,38.76306,77
7/4/2023,27.31,9.05806,38.76306,83
7/5/2023,34.44,9.05806,38.76306,98
7/6/2023,30.16,9.05806,38.76306,89
7/7/2023,30.64,9.05806,38.76306,90
7/8/2023,30.16,9.05806,38.76306,89
7/9/2023,30.16,9.05806,38.76306,89
7/10/2023,28.74,9.05806,38.76306,86
7/11/2023,22.08,9.05806,38.76306,72
7/12/2023,33.49,9.05806,38.76306,96
7/13/2023,37.12,9.05806,38.76306,105
7/14/2023,34.44,9.05806,38.76306,98
7/15/2023,35.9,9.05806,38.76306,102
7/16/2023,25.88,9.05806,38.76306,80
7/17/2023,33.02,9.05806,38.76306,95
7/18/2023,36.31,9.05806,38.76306,103
7/19/2023,24.46,9.05806,38.76306,77
8/2/2023,46.46,9.05806,38.76306,128
8/3/2023,34.92,9.05806,38.76306,99
8/4/2023,32.07,9.05806,38.76306,93
8/5/2023,28.26,9.05806,38.76306,85
8/6/2023,19.7,9.05806,38.76306,67
8/7/2023,22.08,9.05806,38.76306,72
8/8/2023,27.31,9.05806,38.76306,83
8/9/2023,26.36,9.05806,38.76306,81
8/10/2023,33.02,9.05806,38.76306,95
8/11/2023,27.31,9.05806,38.76306,83
8/12/2023,31.59,9.05806,38.76306,92
8/13/2023,29.69,9.05806,38.76306,88
8/14/2023,33.97,9.05806,38.76306,97
8/15/2023,23.51,9.05806,38.76306,75
8/16/2023,32.54,9.05806,38.76306,94
8/17/2023,11.52,9.05806,38.76306,48
8/18/2023,28.74,9.05806,38.76306,86
8/19/2023,25.88,9.05806,38.76306,80
8/20/2023,22.08,9.05806,38.76306,72
8/21/2023,24.46,9.05806,38.76306,77
8/22/2023,31.59,9.05806,38.76306,92
8/23/2023,19.7,9.05806,38.76306,67
8/24/2023,20.65,9.05806,38.76306,69
8/25/2023,20.65,9.05806,38.76306,69
8/26/2023,21.13,9.05806,38.76306,70
8/27/2023,22.56,9.05806,38.76306,73
8/28/2023,14.95,9.05806,38.76306,57
8/29/2023,36.31,9.05806,38.76306,103
8/30/2023,30.16,9.05806,38.76306,89
8/31/2023,23.98,9.05806,38.76306,76
9/1/2023,28.74,9.05806,38.76306,86
9/2/2023,33.49,9.05806,38.76306,96
9/3/2023,28.26,9.05806,38.76306,85
9/4/2023,26.36,9.05806,38.76306,81
9/5/2023,34.92,9.05806,38.76306,99
9/6/2023,24.46,9.05806,38.76306,77
9/7/2023,37.53,9.05806,38.76306,106
9/8/2023,29.69,9.05806,38.76306,88
9/9/2023,35.4,9.05806,38.76306,100
9/10/2023,31.12,9.05806,38.76306,91
9/11/2023,40.77,9.05806,38.76306,114
9/12/2023,37.12,9.05806,38.76306,105
9/13/2023,11.04,9.05806,38.76306,46
9/14/2023,23.98,9.05806,38.76306,76
9/15/2023,31.12,9.05806,38.76306,91
9/16/2023,33.97,9.05806,38.76306,97
9/17/2023,20.65,9.05806,38.76306,69
9/18/2023,21.61,9.05806,38.76306,71
9/19/2023,28.26,9.05806,38.76306,85
9/20/2023,25.41,9.05806,38.76306,79
9/21/2023,28.26,9.05806,38.76306,85
9/22/2023,23.98,9.05806,38.76306,76
9/23/2023,37.12,9.05806,38.76306,105
9/24/2023,19.23,9.05806,38.76306,66
9/25/2023,21.13,9.05806,38.76306,70
9/26/2023,25.88,9.05806,38.76306,80
9/27/2023,28.74,9.05806,38.76306,86
9/28/2023,24.93,9.05806,38.76306,78
9/29/2023,14.47,9.05806,38.76306,56
9/30/2023,23.98,9.05806,38.76306,76
10/1/2023,19.7,9.05806,38.76306,67
10/2/2023,14.95,9.05806,38.76306,57
10/3/2023,19.7,9.05806,38.76306,67
10/4/2023,10.08,9.05806,38.76306,42
10/5/2023,11.28,9.05806,38.76306,47
10/6/2023,11.76,9.05806,38.76306,49
10/7/2023,11.04,9.05806,38.76306,46
10/8/2023,18.75,9.05806,38.76306,65
10/9/2023,23.03,9.05806,38.76306,74
10/10/2023,20.65,9.05806,38.76306,69
10/11/2023,20.18,9.05806,38.76306,68
10/12/2023,11.76,9.05806,38.76306,49
10/13/2023,11.52,9.05806,38.76306,48
10/14/2023,11.52,9.05806,38.76306,48
10/15/2023,10.8,9.05806,38.76306,45
10/16/2023,11.76,9.05806,38.76306,49
10/17/2023,16.85,9.05806,38.76306,61
10/18/2023,13.05,9.05806,38.76306,53
10/19/2023,18.28,9.05806,38.76306,64
10/20/2023,23.03,9.05806,38.76306,74
10/21/2023,11.04,9.05806,38.76306,46
10/22/2023,11.28,9.05806,38.76306,47
10/23/2023,12,9.05806,38.76306,50
10/24/2023,16.37,9.05806,38.76306,60
10/25/2023,14.95,9.05806,38.76306,57
10/26/2023,10.56,9.05806,38.76306,44
10/31/2023,12.1,9.05806,38.76306,51
11/1/2023,21.61,9.05806,38.76306,71
11/2/2023,18.75,9.05806,38.76306,65
11/3/2023,15.42,9.05806,38.76306,58
11/4/2023,8.64,9.05806,38.76306,36
11/5/2023,15.42,9.05806,38.76306,58
11/6/2023,18.28,9.05806,38.76306,64
11/7/2023,16.85,9.05806,38.76306,61
11/8/2023,14,9.05806,38.76306,55
11/9/2023,16.85,9.05806,38.76306,61
11/10/2023,15.42,9.05806,38.76306,58
11/11/2023,12,9.05806,38.76306,50
11/12/2023,11.28,9.05806,38.76306,47
11/13/2023,11.28,9.05806,38.76306,47
11/14/2023,9.84,9.05806,38.76306,41
11/15/2023,13.05,9.05806,38.76306,53
11/16/2023,12.1,9.05806,38.76306,51
11/17/2023,13.05,9.05806,38.76306,53
11/18/2023,16.37,9.05806,38.76306,60
11/19/2023,8.16,9.05806,38.76306,34
11/20/2023,7.68,9.05806,38.76306,32
11/21/2023,9.84,9.05806,38.76306,41
11/22/2023,11.52,9.05806,38.76306,48
11/23/2023,6.72,9.05806,38.76306,28
11/24/2023,11.04,9.05806,38.76306,46
11/25/2023,11.76,9.05806,38.76306,49
11/26/2023,12,9.05806,38.76306,50
11/27/2023,14.95,9.05806,38.76306,57
11/28/2023,18.75,9.05806,38.76306,65
11/29/2023,12.57,9.05806,38.76306,52
11/30/2023,10.08,9.05806,38.76306,42
12/1/2023,13.05,9.05806,38.76306,53
12/2/2023,17.8,9.05806,38.76306,63
12/3/2023,16.85,9.05806,38.76306,61
12/4/2023,19.23,9.05806,38.76306,66
12/5/2023,15.42,9.05806,38.76306,58
12/6/2023,19.7,9.05806,38.76306,67
12/7/2023,16.85,9.05806,38.76306,61
12/8/2023,16.85,9.05806,38.76306,61
12/9/2023,22.56,9.05806,38.76306,73
12/10/2023,19.7,9.05806,38.76306,67
12/11/2023,23.98,9.05806,38.76306,76
12/12/2023,22.08,9.05806,38.76306,72
12/13/2023,23.03,9.05806,38.76306,74
12/14/2023,14.95,9.05806,38.76306,57
12/15/2023,13.52,9.05806,38.76306,54
12/16/2023,16.85,9.05806,38.76306,61
12/17/2023,23.51,9.05806,38.76306,75
12/18/2023,21.13,9.05806,38.76306,70
12/19/2023,21.13,9.05806,38.76306,70
12/20/2023,21.13,9.05806,38.76306,70
12/21/2023,18.28,9.05806,38.76306,64
12/22/2023,14.95,9.05806,38.76306,57
12/23/2023,16.85,9.05806,38.76306,61
12/24/2023,13.05,9.05806,38.76306,53
12/25/2023,11.04,9.05806,38.76306,46
12/26/2023,15.9,9.05806,38.76306,59
12/27/2023,12.1,9.05806,38.76306,51
12/28/2023,19.23,9.05806,38.76306,66
12/29/2023,11.76,9.05806,38.76306,49
12/30/2023,15.9,9.05806,38.76306,59
12/31/2023,20.18,9.05806,38.76306,68
1/1/2024,13.52,9.05806,38.76306,54
1/2/2024,13.52,9.05806,38.76306,54
1/3/2024,14.95,9.05806,38.76306,57
1/4/2024,20.18,9.05806,38.76306,68
1/5/2024,24.46,9.05806,38.76306,77
1/6/2024,26.84,9.05806,38.76306,82
1/7/2024,32.07,9.05806,38.76306,93
1/8/2024,18.28,9.05806,38.76306,64
1/9/2024,25.41,9.05806,38.76306,79
1/10/2024,29.21,9.05806,38.76306,87
1/11/2024,26.36,9.05806,38.76306,81
1/12/2024,24.46,9.05806,38.76306,77
1/13/2024,26.36,9.05806,38.76306,81
1/14/2024,26.84,9.05806,38.76306,82
1/15/2024,12.57,9.05806,38.76306,52
1/25/2024,20.18,9.05806,38.76306,68
1/26/2024,21.13,9.05806,38.76306,70
1/27/2024,17.8,9.05806,38.76306,63
1/28/2024,15.9,9.05806,38.76306,59
1/29/2024,11.76,9.05806,38.76306,49
1/30/2024,14,9.05806,38.76306,55
1/31/2024,10.32,9.05806,38.76306,43
2/1/2024,8.16,9.05806,38.76306,34
2/2/2024,9.36,9.05806,38.76306,39
2/3/2024,9.84,9.05806,38.76306,41
2/4/2024,7.19,9.05806,38.76306,30
2/5/2024,9.12,9.05806,38.76306,38
2/6/2024,9.6,9.05806,38.76306,40
2/7/2024,9.36,9.05806,38.76306,39
2/8/2024,12.57,9.05806,38.76306,52
2/9/2024,14.47,9.05806,38.76306,56
2/10/2024,14.47,9.05806,38.76306,56
2/11/2024,16.37,9.05806,38.76306,60
2/12/2024,14.47,9.05806,38.76306,56
2/13/2024,19.23,9.05806,38.76306,66
2/14/2024,14,9.05806,38.76306,55
2/29/2024,18.75,9.05806,38.76306,65
3/1/2024,10.32,9.05806,38.76306,43
3/2/2024,17.8,9.05806,38.76306,63
3/3/2024,12.1,9.05806,38.76306,51
3/4/2024,18.28,9.05806,38.76306,64
3/5/2024,14.95,9.05806,38.76306,57
3/6/2024,11.04,9.05806,38.76306,46
3/7/2024,12,9.05806,38.76306,50
3/8/2024,9.6,9.05806,38.76306,40
3/9/2024,14,9.05806,38.76306,55
3/10/2024,9.36,9.05806,38.76306,39
3/11/2024,11.04,9.05806,38.76306,46
3/12/2024,9.36,9.05806,38.76306,39
3/13/2024,9.36,9.05806,38.76306,39
3/14/2024,9.12,9.05806,38.76306,38
3/15/2024,9.6,9.05806,38.76306,40
3/18/2024,14.47,9.05806,38.76306,56
3/19/2024,16.37,9.05806,38.76306,60
3/20/2024,12.1,9.05806,38.76306,51
3/21/2024,12.1,9.05806,38.76306,51
3/22/2024,12,9.05806,38.76306,50
3/23/2024,11.04,9.05806,38.76306,46
3/24/2024,14.47,9.05806,38.76306,56
3/25/2024,25.88,9.05806,38.76306,80
3/26/2024,9.6,9.05806,38.76306,40
3/27/2024,8.16,9.05806,38.76306,34
3/28/2024,13.52,9.05806,38.76306,54
3/29/2024,10.32,9.05806,38.76306,43
3/30/2024,10.32,9.05806,38.76306,43
3/31/2024,13.52,9.05806,38.76306,54
4/1/2024,15.9,9.05806,38.76306,59
4/2/2024,20.18,9.05806,38.76306,68
4/3/2024,27.31,9.05806,38.76306,83
4/4/2024,20.65,9.05806,38.76306,69
4/5/2024,7.68,9.05806,38.76306,32
4/6/2024,11.04,9.05806,38.76306,46
4/7/2024,14,9.05806,38.76306,55
4/8/2024,14.95,9.05806,38.76306,57
4/11/2024,9.84,9.05806,38.76306,41
4/12/2024,10.8,9.05806,38.76306,45
4/13/2024,11.52,9.05806,38.76306,48
4/14/2024,10.56,9.05806,38.76306,44
4/15/2024,14.47,9.05806,38.76306,56
4/16/2024,35.5,9.05806,38.76306,101
4/17/2024,15.42,9.05806,38.76306,58
4/18/2024,14.95,9.05806,38.76306,57
4/19/2024,19.23,9.05806,38.76306,66
4/20/2024,16.85,9.05806,38.76306,61
4/21/2024,18.75,9.05806,38.76306,65
4/22/2024,9.12,9.05806,38.76306,38
4/23/2024,18.28,9.05806,38.76306,64
4/24/2024,18.75,9.05806,38.76306,65
4/25/2024,16.37,9.05806,38.76306,60
4/26/2024,24.93,9.05806,38.76306,78
4/27/2024,29.69,9.05806,38.76306,88
4/28/2024,21.61,9.05806,38.76306,71
4/29/2024,26.84,9.05806,38.76306,82
4/30/2024,16.37,9.05806,38.76306,60
5/1/2024,30.16,9.05806,38.76306,89
5/2/2024,25.41,9.05806,38.76306,79
5/3/2024,32.54,9.05806,38.76306,94
5/4/2024,38.34,9.05806,38.76306,108
5/5/2024,31.59,9.05806,38.76306,92
5/6/2024,14.47,9.05806,38.76306,56
5/7/2024,15.42,9.05806,38.76306,58
5/8/2024,15.9,9.05806,38.76306,59
5/9/2024,21.13,9.05806,38.76306,70
5/10/2024,16.37,9.05806,38.76306,60
5/11/2024,8.16,9.05806,38.76306,34
5/12/2024,12.1,9.05806,38.76306,51
5/13/2024,16.85,9.05806,38.76306,61
5/14/2024,18.28,9.05806,38.76306,64
5/15/2024,19.7,9.05806,38.76306,67
5/16/2024,25.88,9.05806,38.76306,80
5/17/2024,16.85,9.05806,38.76306,61
5/18/2024,20.18,9.05806,38.76306,68
5/19/2024,18.28,9.05806,38.76306,64
5/20/2024,17.8,9.05806,38.76306,63
5/21/2024,25.88,9.05806,38.76306,80
5/22/2024,20.65,9.05806,38.76306,69
5/23/2024,28.74,9.05806,38.76306,86
5/24/2024,30.64,9.05806,38.76306,90
5/25/2024,23.98,9.05806,38.76306,76
5/26/2024,23.98,9.05806,38.76306,76
5/27/2024,31.12,9.05806,38.76306,91
5/28/2024,29.21,9.05806,38.76306,87
5/29/2024,30.16,9.05806,38.76306,89
5/30/2024,28.26,9.05806,38.76306,85
5/31/2024,35.5,9.05806,38.76306,101
6/1/2024,43.21,9.05806,38.76306,120
6/2/2024,39.15,9.05806,38.76306,110
6/3/2024,31.59,9.05806,38.76306,92
6/4/2024,23.98,9.05806,38.76306,76
6/5/2024,29.69,9.05806,38.76306,88
6/6/2024,34.44,9.05806,38.76306,98
6/7/2024,35.9,9.05806,38.76306,102
6/8/2024,34.44,9.05806,38.76306,98
6/9/2024,25.88,9.05806,38.76306,80
6/10/2024,32.07,9.05806,38.76306,93
6/11/2024,44.02,9.05806,38.76306,122
6/12/2024,50.52,9.05806,38.76306,138
6/13/2024,41.59,9.05806,38.76306,116
6/14/2024,31.59,9.05806,38.76306,92
6/15/2024,27.31,9.05806,38.76306,83
6/16/2024,22.08,9.05806,38.76306,72
6/17/2024,31.59,9.05806,38.76306,92
6/18/2024,29.21,9.05806,38.76306,87
6/19/2024,30.16,9.05806,38.76306,89
6/20/2024,27.31,9.05806,38.76306,83
6/21/2024,31.12,9.05806,38.76306,91
6/22/2024,27.79,9.05806,38.76306,84
6/23/2024,32.07,9.05806,38.76306,93
6/24/2024,29.69,9.05806,38.76306,88
6/25/2024,23.98,9.05806,38.76306,76
7/1/2024,26.36,9.05806,38.76306,81
7/2/2024,24.46,9.05806,38.76306,77
7/3/2024,21.61,9.05806,38.76306,71
7/4/2024,23.98,9.05806,38.76306,76
7/5/2024,19.7,9.05806,38.76306,67
7/6/2024,15.9,9.05806,38.76306,59
7/7/2024,11.76,9.05806,38.76306,49
7/8/2024,14.95,9.05806,38.76306,57
7/9/2024,15.42,9.05806,38.76306,58
7/10/2024,23.98,9.05806,38.76306,76
7/11/2024,34.44,9.05806,38.76306,98
7/12/2024,29.69,9.05806,38.76306,88
7/13/2024,27.79,9.05806,38.76306,84
7/14/2024,32.54,9.05806,38.76306,94
7/15/2024,28.26,9.05806,38.76306,85
7/16/2024,22.56,9.05806,38.76306,73
7/17/2024,20.65,9.05806,38.76306,69
7/18/2024,28.26,9.05806,38.76306,85
7/19/2024,27.79,9.05806,38.76306,84
7/20/2024,30.64,9.05806,38.76306,90
7/21/2024,21.13,9.05806,38.76306,70
7/22/2024,21.61,9.05806,38.76306,71
7/23/2024,21.13,9.05806,38.76306,70
7/24/2024,27.31,9.05806,38.76306,83
7/25/2024,26.84,9.05806,38.76306,82
7/26/2024,24.46,9.05806,38.76306,77
7/27/2024,15.42,9.05806,38.76306,58
7/28/2024,8.39,9.05806,38.76306,35
7/29/2024,9.12,9.05806,38.76306,38
7/30/2024,16.37,9.05806,38.76306,60
7/31/2024,18.75,9.05806,38.76306,65
8/1/2024,15.9,9.05806,38.76306,59
8/2/2024,20.18,9.05806,38.76306,68
8/3/2024,30.64,9.05806,38.76306,90
8/4/2024,25.88,9.05806,38.76306,80
8/5/2024,9.6,9.05806,38.76306,40
8/6/2024,7.68,9.05806,38.76306,32
8/7/2024,17.33,9.05806,38.76306,62
8/8/2024,14,9.05806,38.76306,55
8/9/2024,2.16,9.05806,38.76306,9
8/10/2024,2.16,9.05806,38.76306,9
8/11/2024,1.44,9.05806,38.76306,6
8/12/2024,28.74,9.05806,38.76306,86
8/13/2024,29.21,9.05806,38.76306,87
8/14/2024,14.47,9.05806,38.76306,56
8/15/2024,11.52,9.05806,38.76306,48
8/16/2024,11.04,9.05806,38.76306,46
8/17/2024,18.75,9.05806,38.76306,65
8/18/2024,22.56,9.05806,38.76306,73
8/19/2024,14.95,9.05806,38.76306,57
8/20/2024,11.76,9.05806,38.76306,49
8/21/2024,20.65,9.05806,38.76306,69
8/22/2024,20.18,9.05806,38.76306,68
8/23/2024,14.47,9.05806,38.76306,56
8/24/2024,25.41,9.05806,38.76306,79
8/25/2024,28.74,9.05806,38.76306,86
8/26/2024,15.42,9.05806,38.76306,58
8/27/2024,15.42,9.05806,38.76306,58
8/28/2024,18.28,9.05806,38.76306,64
8/29/2024,16.85,9.05806,38.76306,61
8/30/2024,21.13,9.05806,38.76306,70
8/31/2024,24.46,9.05806,38.76306,77
9/1/2024,22.56,9.05806,38.76306,73
9/2/2024,38.34,9.05806,38.76306,108
9/3/2024,29.69,9.05806,38.76306,88
9/4/2024,27.31,9.05806,38.76306,83
9/5/2024,26.36,9.05806,38.76306,81
9/6/2024,37.93,9.05806,38.76306,107
9/7/2024,21.61,9.05806,38.76306,71
9/8/2024,17.8,9.05806,38.76306,63
9/9/2024,23.51,9.05806,38.76306,75
9/10/2024,43.62,9.05806,38.76306,121
9/11/2024,33.49,9.05806,38.76306,96
9/12/2024,22.08,9.05806,38.76306,72
9/13/2024,24.46,9.05806,38.76306,77
9/14/2024,24.46,9.05806,38.76306,77
9/15/2024,19.7,9.05806,38.76306,67
9/16/2024,14.95,9.05806,38.76306,57
9/18/2024,3.59,9.05806,38.76306,15
9/19/2024,4.8,9.05806,38.76306,20
9/20/2024,3.59,9.05806,38.76306,15
9/21/2024,3.12,9.05806,38.76306,13
9/22/2024,3.36,9.05806,38.76306,14
9/23/2024,4.32,9.05806,38.76306,18
9/24/2024,4.8,9.05806,38.76306,20
9/25/2024,4.8,9.05806,38.76306,20
9/27/2024,39.56,9.05806,38.76306,111
9/28/2024,22.08,9.05806,38.76306,72
9/29/2024,28.26,9.05806,38.76306,85
9/30/2024,31.59,9.05806,38.76306,92
10/1/2024,26.84,9.05806,38.76306,82
10/2/2024,13.52,9.05806,38.76306,54
10/3/2024,11.52,9.05806,38.76306,48
10/4/2024,18.28,9.05806,38.76306,64
10/5/2024,16.85,9.05806,38.76306,61
10/6/2024,16.37,9.05806,38.76306,60
10/7/2024,10.08,9.05806,38.76306,42
10/8/2024,12,9.05806,38.76306,50
10/24/2024,32.07,9.05806,38.76306,93
10/25/2024,12.1,9.05806,38.76306,51
10/28/2024,10.56,9.05806,38.76306,44
10/29/2024,9.36,9.05806,38.76306,39
10/30/2024,13.05,9.05806,38.76306,53
10/31/2024,16.37,9.05806,38.76306,60
11/1/2024,18.28,9.05806,38.76306,64
11/2/2024,7.68,9.05806,38.76306,32
11/3/2024,13.05,9.05806,38.76306,53
11/4/2024,17.33,9.05806,38.76306,62
11/5/2024,14.47,9.05806,38.76306,56
11/6/2024,11.28,9.05806,38.76306,47
11/7/2024,11.76,9.05806,38.76306,49
11/8/2024,14,9.05806,38.76306,55
11/9/2024,12.57,9.05806,38.76306,52
11/10/2024,14.47,9.05806,38.76306,56
11/11/2024,20.65,9.05806,38.76306,69
11/12/2024,14.95,9.05806,38.76306,57
11/13/2024,18.75,9.05806,38.76306,65
11/14/2024,23.03,9.05806,38.76306,74
11/15/2024,14,9.05806,38.76306,55
11/16/2024,16.85,9.05806,38.76306,61
11/17/2024,13.52,9.05806,38.76306,54
11/18/2024,14,9.05806,38.76306,55
11/19/2024,12.57,9.05806,38.76306,52
11/20/2024,19.7,9.05806,38.76306,67
11/21/2024,32.07,9.05806,38.76306,93
11/22/2024,12.1,9.05806,38.76306,51
11/23/2024,11.28,9.05806,38.76306,47
11/24/2024,14.95,9.05806,38.76306,57
11/25/2024,14.47,9.05806,38.76306,56
11/26/2024,14.95,9.05806,38.76306,57
11/27/2024,14,9.05806,38.76306,55
11/28/2024,16.85,9.05806,38.76306,61
11/29/2024,16.37,9.05806,38.76306,60
12/3/2024,20.65,9.05806,38.76306,69
12/4/2024,13.52,9.05806,38.76306,54
12/5/2024,15.42,9.05806,38.76306,58
12/6/2024,10.32,9.05806,38.76306,43
12/7/2024,10.08,9.05806,38.76306,42
12/8/2024,11.04,9.05806,38.76306,46
12/9/2024,12.57,9.05806,38.76306,52
12/10/2024,20.18,9.05806,38.76306,68
12/11/2024,22.56,9.05806,38.76306,73
12/12/2024,22.56,9.05806,38.76306,73
12/13/2024,25.41,9.05806,38.76306,79
12/14/2024,23.51,9.05806,38.76306,75
12/15/2024,17.8,9.05806,38.76306,63
12/16/2024,18.75,9.05806,38.76306,65
12/17/2024,22.56,9.05806,38.76306,73
12/18/2024,23.98,9.05806,38.76306,76
12/19/2024,22.56,9.05806,38.76306,73
12/20/2024,28.26,9.05806,38.76306,85
12/21/2024,20.65,9.05806,38.76306,69
12/22/2024,17.8,9.05806,38.76306,63
12/23/2024,21.13,9.05806,38.76306,70
12/24/2024,19.23,9.05806,38.76306,66
12/25/2024,22.08,9.05806,38.76306,72
12/26/2024,21.13,9.05806,38.76306,70
12/27/2024,19.23,9.05806,38.76306,66
12/28/2024,14.95,9.05806,38.76306,57
12/29/2024,14.95,9.05806,38.76306,57
1/1/2025,22.08,9.05806,38.76306,72
1/2/2025,20.65,9.05806,38.76306,69
1/3/2025,17.33,9.05806,38.76306,62
1/4/2025,22.56,9.05806,38.76306,73
1/5/2025,23.51,9.05806,38.76306,75
1/6/2025,26.36,9.05806,38.76306,81
1/7/2025,32.54,9.05806,38.76306,94
1/8/2025,24.93,9.05806,38.76306,78
1/9/2025,29.69,9.05806,38.76306,88
1/10/2025,23.51,9.05806,38.76306,75
1/11/2025,21.13,9.05806,38.76306,70
1/12/2025,21.61,9.05806,38.76306,71
1/13/2025,14.95,9.05806,38.76306,57
1/14/2025,14,9.05806,38.76306,55
1/15/2025,18.75,9.05806,38.76306,65
1/16/2025,16.85,9.05806,38.76306,61
1/17/2025,23.98,9.05806,38.76306,76
1/18/2025,19.23,9.05806,38.76306,66
1/19/2025,12.1,9.05806,38.76306,51
1/20/2025,17.8,9.05806,38.76306,63
1/21/2025,15.9,9.05806,38.76306,59
1/22/2025,11.04,9.05806,38.76306,46
1/23/2025,15.9,9.05806,38.76306,59
1/24/2025,25.88,9.05806,38.76306,80
1/25/2025,26.84,9.05806,38.76306,82
1/26/2025,34.92,9.05806,38.76306,99
1/27/2025,28.26,9.05806,38.76306,85
1/28/2025,29.21,9.05806,38.76306,87
1/29/2025,25.41,9.05806,38.76306,79
1/30/2025,16.85,9.05806,38.76306,61
1/31/2025,22.08,9.05806,38.76306,72
2/1/2025,23.51,9.05806,38.76306,75
2/2/2025,23.03,9.05806,38.76306,74
2/3/2025,26.84,9.05806,38.76306,82
2/4/2025,25.88,9.05806,38.76306,80
2/5/2025,21.13,9.05806,38.76306,70
2/6/2025,19.23,9.05806,38.76306,66
2/7/2025,14.95,9.05806,38.76306,57
2/8/2025,23.98,9.05806,38.76306,76
2/9/2025,23.51,9.05806,38.76306,75
2/10/2025,14,9.05806,38.76306,55
2/11/2025,13.05,9.05806,38.76306,53
2/12/2025,9.36,9.05806,38.76306,39
2/13/2025,9.84,9.05806,38.76306,41
2/14/2025,11.76,9.05806,38.76306,49
2/15/2025,26.84,9.05806,38.76306,82
2/16/2025,26.36,9.05806,38.76306,81
2/17/2025,14.95,9.05806,38.76306,57
2/18/2025,14,9.05806,38.76306,55
2/21/2025,20.65,9.05806,38.76306,69
2/22/2025,16.85,9.05806,38.76306,61
2/23/2025,10.8,9.05806,38.76306,45
2/24/2025,9.84,9.05806,38.76306,41
2/25/2025,11.52,9.05806,38.76306,48
2/26/2025,15.9,9.05806,38.76306,59
2/27/2025,17.33,9.05806,38.76306,62
2/28/2025,23.03,9.05806,38.76306,74
3/1/2025,15.9,9.05806,38.76306,59
3/2/2025,18.75,9.05806,38.76306,65
3/3/2025,19.23,9.05806,38.76306,66
3/4/2025,22.56,9.05806,38.76306,73
7/16/2025,20.65,9.05806,38.76306,69
7/17/2025,28.74,9.05806,38.76306,86
7/18/2025,39.15,9.05806,38.76306,110
7/19/2025,33.49,9.05806,38.76306,96
7/20/2025,28.26,9.05806,38.76306,85
7/21/2025,28.26,9.05806,38.76306,85
7/22/2025,30.16,9.05806,38.76306,89
7/23/2025,34.44,9.05806,38.76306,98
7/24/2025,31.12,9.05806,38.76306,91
7/25/2025,27.79,9.05806,38.76306,84
7/26/2025,25.88,9.05806,38.76306,80
7/27/2025,13.05,9.05806,38.76306,53
7/28/2025,19.23,9.05806,38.76306,66
7/29/2025,15.9,9.05806,38.76306,59
7/30/2025,33.97,9.05806,38.76306,97
7/31/2025,29.21,9.05806,38.76306,87
8/1/2025,26.84,9.05806,38.76306,82
8/2/2025,35.9,9.05806,38.76306,102
8/3/2025,27.31,9.05806,38.76306,83
8/4/2025,23.03,9.05806,38.76306,74
8/5/2025,31.59,9.05806,38.76306,92
8/6/2025,38.74,9.05806,38.76306,109
8/7/2025,25.41,9.05806,38.76306,79
8/8/2025,27.31,9.05806,38.76306,83
8/9/2025,20.65,9.05806,38.76306,69
8/10/2025,37.93,9.05806,38.76306,107
8/11/2025,29.21,9.05806,38.76306,87
8/12/2025,27.31,9.05806,38.76306,83
8/13/2025,22.56,9.05806,38.76306,73
8/14/2025,25.41,9.05806,38.76306,79
8/15/2025,13.05,9.05806,38.76306,53
8/16/2025,15.9,9.05806,38.76306,59
8/17/2025,25.41,9.05806,38.76306,79
8/18/2025,38.74,9.05806,38.76306,109
8/19/2025,24.46,9.05806,38.76306,77
8/20/2025,16.37,9.05806,38.76306,60
8/21/2025,10.8,9.05806,38.76306,45
8/26/2025,38.34,9.05806,38.76306,108
8/27/2025,12.57,9.05806,38.76306,52
8/28/2025,18.28,9.05806,38.76306,64
8/29/2025,16.37,9.05806,38.76306,60
8/30/2025,20.65,9.05806,38.76306,69
8/31/2025,25.88,9.05806,38.76306,80
9/1/2025,32.07,9.05806,38.76306,93
9/2/2025,33.97,9.05806,38.76306,97
9/3/2025,30.16,9.05806,38.76306,89
9/4/2025,25.88,9.05806,38.76306,80
9/5/2025,34.44,9.05806,38.76306,98
9/6/2025,29.69,9.05806,38.76306,88
9/7/2025,32.07,9.05806,38.76306,93
9/8/2025,33.49,9.05806,38.76306,96
9/9/2025,30.16,9.05806,38.76306,89
9/10/2025,40.77,9.05806,38.76306,114
9/11/2025,35.4,9.05806,38.76306,100
9/12/2025,21.13,9.05806,38.76306,70
9/13/2025,27.31,9.05806,38.76306,83
9/14/2025,23.98,9.05806,38.76306,76
9/15/2025,31.59,9.05806,38.76306,92
9/16/2025,31.59,9.05806,38.76306,92
9/17/2025,33.02,9.05806,38.76306,95
9/18/2025,23.98,9.05806,38.76306,76
9/19/2025,18.75,9.05806,38.76306,65
9/20/2025,25.88,9.05806,38.76306,80
9/21/2025,23.51,9.05806,38.76306,75
9/22/2025,23.03,9.05806,38.76306,74
9/23/2025,22.56,9.05806,38.76306,73
9/24/2025,23.98,9.05806,38.76306,76
9/25/2025,23.98,9.05806,38.76306,76
9/26/2025,37.53,9.05806,38.76306,106
9/27/2025,48.9,9.05806,38.76306,134
9/28/2025,26.36,9.05806,38.76306,81
