date,aai,no2,latitude,longitude
7/31/2018,0.283199042,4.60E-05,9.05806,38.76306
8/7/2018,-1.501938039,2.58E-05,9.05806,38.76306
9/3/2018,-1.960236073,1.63E-05,9.05806,38.76306
9/15/2018,-0.333365649,1.75E-06,9.05806,38.76306
9/23/2018,-0.908072114,2.14E-05,9.05806,38.76306
9/24/2018,-0.931928396,2.00E-05,9.05806,38.76306
9/24/2018,-0.931928396,2.00E-05,9.05806,38.76306
9/24/2018,-0.931928396,2.00E-05,9.05806,38.76306
9/24/2018,-0.931928396,2.00E-05,9.05806,38.76306
9/28/2018,-0.893723758,2.10E-05,9.05806,38.76306
10/5/2018,-0.815367162,1.27E-05,9.05806,38.76306
10/10/2018,-2.190213919,4.36E-06,9.05806,38.76306
10/11/2018,-0.810118292,8.71E-06,9.05806,38.76306
10/20/2018,-0.56384287,3.65E-05,9.05806,38.76306
10/26/2018,-1.29969569,9.80E-06,9.05806,38.76306
10/27/2018,-0.7614472,1.24E-05,9.05806,38.76306
10/28/2018,-1.009280044,2.37E-05,9.05806,38.76306
10/29/2018,-0.979455531,2.21E-05,9.05806,38.76306
10/31/2018,-1.059197587,3.21E-05,9.05806,38.76306
11/2/2018,-0.703997374,4.97E-05,9.05806,38.76306
11/12/2018,-1.179538846,1.51E-05,9.05806,38.76306
11/13/2018,-1.444683909,3.83E-05,9.05806,38.76306
11/14/2018,-0.522217819,5.32E-05,9.05806,38.76306
11/18/2018,-1.438277364,1.79E-05,9.05806,38.76306
11/19/2018,-0.31705004,3.70E-05,9.05806,38.76306
11/20/2018,-0.584107463,2.11E-05,9.05806,38.76306
11/21/2018,-0.420625508,1.77E-05,9.05806,38.76306
11/22/2018,-1.179849853,6.87E-06,9.05806,38.76306
11/23/2018,-0.618985713,4.30E-05,9.05806,38.76306
11/24/2018,-0.15615432,0.000049894,9.05806,38.76306
11/25/2018,-1.313342094,1.95E-05,9.05806,38.76306
11/28/2018,-1.142814275,6.96E-06,9.05806,38.76306
11/30/2018,-0.949297845,2.24E-05,9.05806,38.76306
12/1/2018,-0.178687871,3.73E-05,9.05806,38.76306
12/1/2018,-0.178687871,3.73E-05,9.05806,38.76306
12/1/2018,-0.178687871,3.73E-05,9.05806,38.76306
12/1/2018,-0.178687871,3.73E-05,9.05806,38.76306
12/2/2018,-1.43788946,1.72E-05,9.05806,38.76306
12/3/2018,-0.713310778,2.04E-05,9.05806,38.76306
12/4/2018,-1.049033636,3.91E-05,9.05806,38.76306
12/6/2018,-1.017144561,3.44E-05,9.05806,38.76306
12/9/2018,-0.514673412,3.33E-05,9.05806,38.76306
12/10/2018,-1.046273611,8.41E-05,9.05806,38.76306
12/11/2018,-0.805723368,2.40E-05,9.05806,38.76306
12/12/2018,-0.727176607,2.04E-05,9.05806,38.76306
12/13/2018,-1.026889443,1.06E-05,9.05806,38.76306
12/15/2018,-0.561681449,0.000060411,9.05806,38.76306
12/16/2018,-0.98067838,5.58E-05,9.05806,38.76306
12/20/2018,-0.640298496,4.19E-05,9.05806,38.76306
12/22/2018,-1.625730747,6.68E-05,9.05806,38.76306
12/24/2018,-1.010847449,3.21E-05,9.05806,38.76306
12/25/2018,-0.810018838,4.49E-05,9.05806,38.76306
12/26/2018,-0.677914023,4.22E-05,9.05806,38.76306
12/27/2018,-0.397478369,6.94E-05,9.05806,38.76306
12/30/2018,-1.514861465,1.65E-05,9.05806,38.76306
12/31/2018,-0.574857353,3.26E-05,9.05806,38.76306
1/1/2019,-0.611966372,3.94E-05,9.05806,38.76306
1/3/2019,-1.399447203,1.56E-05,9.05806,38.76306
1/4/2019,-0.85751617,1.20E-05,9.05806,38.76306
1/5/2019,-0.406057,3.25E-05,9.05806,38.76306
1/6/2019,-0.360072762,3.28E-05,9.05806,38.76306
1/7/2019,-0.626327395,1.44E-05,9.05806,38.76306
1/8/2019,-0.447668284,2.24E-05,9.05806,38.76306
1/9/2019,-0.693973422,0.000010025,9.05806,38.76306
1/10/2019,-0.280105472,0.000041149,9.05806,38.76306
1/12/2019,-0.649509169,2.15E-05,9.05806,38.76306
1/13/2019,-0.805975772,1.93E-05,9.05806,38.76306
1/14/2019,-0.373075992,4.52E-05,9.05806,38.76306
1/15/2019,-0.260419574,4.57E-05,9.05806,38.76306
1/17/2019,0.030474009,7.49E-05,9.05806,38.76306
1/19/2019,-0.557062262,2.50E-05,9.05806,38.76306
1/20/2019,-0.994644997,2.16E-05,9.05806,38.76306
1/21/2019,-0.271904041,0.000064996,9.05806,38.76306
1/23/2019,-0.813694604,8.04E-05,9.05806,38.76306
1/24/2019,-0.818858564,0.000075207,9.05806,38.76306
1/26/2019,-0.620371342,4.95E-05,9.05806,38.76306
1/27/2019,-0.553782225,3.29E-05,9.05806,38.76306
1/28/2019,-0.560422663,5.96E-05,9.05806,38.76306
1/29/2019,-0.088466657,3.77E-05,9.05806,38.76306
1/30/2019,-0.36930266,2.40E-05,9.05806,38.76306
2/1/2019,-0.529833317,3.29E-05,9.05806,38.76306
2/2/2019,0.137290239,6.50E-05,9.05806,38.76306
2/3/2019,-0.367369205,5.71E-05,9.05806,38.76306
2/4/2019,-0.548377991,4.35E-05,9.05806,38.76306
2/5/2019,-0.892781198,1.96E-05,9.05806,38.76306
2/9/2019,-0.834172308,4.02E-05,9.05806,38.76306
2/10/2019,-0.653477013,2.77E-05,9.05806,38.76306
2/11/2019,-0.650073052,3.00E-05,9.05806,38.76306
2/12/2019,-0.628606319,0.000033898,9.05806,38.76306
2/13/2019,-0.784928885,0.000018167,9.05806,38.76306
2/17/2019,-0.810391843,9.33E-06,9.05806,38.76306
2/19/2019,-0.759890795,0.000043741,9.05806,38.76306
2/22/2019,-0.854954064,2.82E-05,9.05806,38.76306
2/23/2019,-0.838959575,0.000032067,9.05806,38.76306
2/24/2019,-1.093543291,2.02E-05,9.05806,38.76306
2/24/2019,-1.093543291,2.02E-05,9.05806,38.76306
2/24/2019,-1.093543291,2.02E-05,9.05806,38.76306
2/24/2019,-1.093543291,2.02E-05,9.05806,38.76306
2/25/2019,-0.894639313,1.56E-05,9.05806,38.76306
2/26/2019,-0.611480296,1.43E-05,9.05806,38.76306
2/27/2019,-0.592523873,3.66E-05,9.05806,38.76306
3/10/2019,-0.922838152,2.13E-05,9.05806,38.76306
3/11/2019,-0.60777247,5.63E-05,9.05806,38.76306
3/16/2019,-0.963064194,1.60E-05,9.05806,38.76306
3/18/2019,-0.486974235,3.76E-05,9.05806,38.76306
3/19/2019,-1.375738025,1.07E-05,9.05806,38.76306
3/20/2019,-0.747432351,1.07E-05,9.05806,38.76306
3/22/2019,0.114504024,4.87E-05,9.05806,38.76306
3/23/2019,-0.315951169,4.41E-05,9.05806,38.76306
3/24/2019,-1.3037889,6.36E-06,9.05806,38.76306
3/25/2019,-1.484635472,3.97E-05,9.05806,38.76306
3/26/2019,-0.69702314,2.41E-05,9.05806,38.76306
3/29/2019,-1.363309026,2.76E-05,9.05806,38.76306
4/5/2019,-2.18355298,0.000016694,9.05806,38.76306
4/22/2019,-1.278726339,3.51E-05,9.05806,38.76306
4/24/2019,-1.599289262,2.27E-05,9.05806,38.76306
4/25/2019,-1.000020981,1.48E-05,9.05806,38.76306
4/26/2019,-1.146768212,9.18E-06,9.05806,38.76306
5/4/2019,0.208886236,5.39E-05,9.05806,38.76306
5/6/2019,-0.822376079,-6.00E-06,9.05806,38.76306
5/10/2019,-0.179229929,3.52E-05,9.05806,38.76306
5/11/2019,-1.111960053,1.62E-05,9.05806,38.76306
5/12/2019,-1.486053732,1.18E-05,9.05806,38.76306
5/13/2019,-0.806291163,1.82E-05,9.05806,38.76306
5/26/2019,-1.409476876,1.02E-05,9.05806,38.76306
6/12/2019,-1.799816185,3.36E-05,9.05806,38.76306
6/27/2019,-1.974640506,1.35E-05,9.05806,38.76306
7/20/2019,-0.720347464,0.000009297,9.05806,38.76306
7/23/2019,-0.404017955,1.73E-05,9.05806,38.76306
8/25/2019,-1.858585035,2.23E-05,9.05806,38.76306
9/4/2019,-1.607975838,5.20E-05,9.05806,38.76306
10/4/2019,-2.267414365,7.06E-06,9.05806,38.76306
10/6/2019,-1.10787271,2.19E-05,9.05806,38.76306
10/7/2019,-1.5412601,1.36E-05,9.05806,38.76306
10/10/2019,-1.339677811,2.09E-05,9.05806,38.76306
10/15/2019,-1.30890939,0.000014058,9.05806,38.76306
10/16/2019,-1.393218324,2.56E-05,9.05806,38.76306
10/17/2019,-1.893134943,1.82E-05,9.05806,38.76306
10/21/2019,-1.327805519,1.99E-05,9.05806,38.76306
10/22/2019,-1.530951142,0.000013471,9.05806,38.76306
10/23/2019,-1.669970751,-2.04E-06,9.05806,38.76306
10/24/2019,-1.152045369,1.82E-05,9.05806,38.76306
10/25/2019,-0.854718792,4.36E-05,9.05806,38.76306
10/26/2019,-1.068953265,4.68E-05,9.05806,38.76306
10/27/2019,-1.251288738,4.10E-05,9.05806,38.76306
10/28/2019,-1.668697839,4.71E-05,9.05806,38.76306
10/29/2019,-1.969771743,1.54E-05,9.05806,38.76306
10/30/2019,-1.652899265,8.10E-06,9.05806,38.76306
11/2/2019,-0.734295845,2.62E-05,9.05806,38.76306
11/3/2019,-2.354052136,5.83E-08,9.05806,38.76306
11/4/2019,-2.068248272,1.82E-05,9.05806,38.76306
11/5/2019,-1.19938314,2.45E-05,9.05806,38.76306
11/11/2019,-1.369275332,1.88E-05,9.05806,38.76306
11/17/2019,-0.949642575,3.52E-05,9.05806,38.76306
11/19/2019,-2.88609164,3.40E-05,9.05806,38.76306
11/27/2019,-0.930768364,1.00E-05,9.05806,38.76306
11/28/2019,-1.613658874,3.89E-05,9.05806,38.76306
12/1/2019,-1.650962472,1.84E-05,9.05806,38.76306
12/7/2019,-1.307043433,3.51E-05,9.05806,38.76306
12/8/2019,-1.18882966,1.70E-05,9.05806,38.76306
12/15/2019,-1.203183412,3.65E-05,9.05806,38.76306
12/16/2019,-1.13433373,2.92E-05,9.05806,38.76306
12/17/2019,-1.274125146,9.69E-06,9.05806,38.76306
12/18/2019,-1.359034838,2.26E-05,9.05806,38.76306
12/19/2019,-1.045809865,3.89E-05,9.05806,38.76306
12/27/2019,-1.3823663,3.94E-05,9.05806,38.76306
12/30/2019,-1.076470509,3.20E-05,9.05806,38.76306
12/31/2019,-0.839719049,3.29E-05,9.05806,38.76306
1/1/2020,-1.883135647,1.43E-05,9.05806,38.76306
1/5/2020,-0.722998249,4.27E-05,9.05806,38.76306
1/6/2020,-1.848103404,1.50E-05,9.05806,38.76306
1/7/2020,-1.570258021,1.34E-05,9.05806,38.76306
1/8/2020,-0.907264644,2.80E-05,9.05806,38.76306
1/9/2020,-1.048666835,3.84E-05,9.05806,38.76306
1/15/2020,-0.596241355,4.96E-05,9.05806,38.76306
1/16/2020,-1.330489636,3.03E-05,9.05806,38.76306
1/17/2020,-1.039934087,9.00E-05,9.05806,38.76306
1/18/2020,-0.744021356,8.88E-05,9.05806,38.76306
1/19/2020,-0.801483631,0.000042023,9.05806,38.76306
1/20/2020,-1.13245177,2.43E-05,9.05806,38.76306
1/21/2020,-0.478102297,5.21E-05,9.05806,38.76306
1/22/2020,-1.488345504,4.93E-05,9.05806,38.76306
1/24/2020,-1.311286569,3.24E-05,9.05806,38.76306
1/30/2020,-1.05844748,4.13E-05,9.05806,38.76306
1/31/2020,-1.109187333,9.67E-05,9.05806,38.76306
2/6/2020,-1.448731965,1.52E-05,9.05806,38.76306
2/7/2020,-1.64798284,2.48E-05,9.05806,38.76306
2/8/2020,-1.357966185,3.66E-07,9.05806,38.76306
2/9/2020,-0.966434598,3.24E-05,9.05806,38.76306
2/10/2020,-0.979826868,6.53E-05,9.05806,38.76306
2/11/2020,-0.761823325,8.06E-05,9.05806,38.76306
2/14/2020,-1.534043431,1.09E-05,9.05806,38.76306
2/15/2020,-1.121067166,3.18E-05,9.05806,38.76306
2/16/2020,-0.689982305,4.41E-05,9.05806,38.76306
2/17/2020,-1.204887376,2.28E-05,9.05806,38.76306
2/17/2020,-1.331725607,2.28E-05,9.05806,38.76306
2/17/2020,-1.204887376,2.28E-05,9.05806,38.76306
2/17/2020,-1.331725607,2.28E-05,9.05806,38.76306
2/19/2020,-1.743061423,1.06E-05,9.05806,38.76306
2/20/2020,-1.146881404,3.20E-05,9.05806,38.76306
2/21/2020,-0.847989261,0.000035357,9.05806,38.76306
2/21/2020,-0.847989261,0.000035357,9.05806,38.76306
2/21/2020,-0.847989261,0.000035357,9.05806,38.76306
2/21/2020,-0.847989261,0.000035357,9.05806,38.76306
2/22/2020,-0.993743488,2.49E-05,9.05806,38.76306
2/23/2020,-1.42743361,1.04E-05,9.05806,38.76306
2/24/2020,-1.382507205,2.29E-05,9.05806,38.76306
2/26/2020,-1.099029443,3.75E-05,9.05806,38.76306
2/27/2020,-1.113588214,2.54E-05,9.05806,38.76306
3/2/2020,-0.356095374,0.000040959,9.05806,38.76306
3/3/2020,-0.248789609,4.33E-05,9.05806,38.76306
3/8/2020,-0.256963429,3.38E-05,9.05806,38.76306
3/21/2020,-2.164748669,2.19E-05,9.05806,38.76306
3/25/2020,-1.551769308,3.41E-05,9.05806,38.76306
3/30/2020,-0.686168075,3.54E-05,9.05806,38.76306
4/3/2020,-2.145152807,1.59E-05,9.05806,38.76306
4/5/2020,-2.096660439,2.88E-05,9.05806,38.76306
4/6/2020,-1.265815854,3.31E-06,9.05806,38.76306
4/7/2020,-1.193181483,3.08E-06,9.05806,38.76306
4/10/2020,-1.966977468,5.97E-05,9.05806,38.76306
4/26/2020,-1.547265213,2.70E-05,9.05806,38.76306
5/6/2020,-2.06776287,1.58E-05,9.05806,38.76306
5/9/2020,-1.85057143,1.55E-05,9.05806,38.76306
5/9/2020,-1.866093371,1.55E-05,9.05806,38.76306
5/9/2020,-1.85057143,1.26E-05,9.05806,38.76306
5/9/2020,-1.866093371,1.26E-05,9.05806,38.76306
5/11/2020,-0.603377512,1.72E-05,9.05806,38.76306
5/12/2020,-0.847207552,2.23E-05,9.05806,38.76306
5/13/2020,-1.429029471,1.94E-05,9.05806,38.76306
6/2/2020,-2.032482873,5.18E-05,9.05806,38.76306
6/4/2020,-2.018728733,4.71E-05,9.05806,38.76306
6/9/2020,-1.708700993,1.46E-05,9.05806,38.76306
6/10/2020,-1.782519268,7.71E-06,9.05806,38.76306
6/19/2020,-2.628691435,0.000022814,9.05806,38.76306
6/29/2020,-1.25711143,5.46E-05,9.05806,38.76306
7/9/2020,-1.206326604,6.75E-05,9.05806,38.76306
7/11/2020,-2.216631651,0.000007399,9.05806,38.76306
9/12/2020,-2.152264507,1.03E-05,9.05806,38.76306
9/28/2020,-2.074353495,-6.55E-06,9.05806,38.76306
10/5/2020,-1.409687638,3.30E-06,9.05806,38.76306
10/7/2020,-1.396597266,2.36E-05,9.05806,38.76306
10/7/2020,-1.396597266,2.36E-05,9.05806,38.76306
10/7/2020,-1.396597266,2.36E-05,9.05806,38.76306
10/7/2020,-1.396597266,2.36E-05,9.05806,38.76306
10/9/2020,-1.779246181,-0.00001567,9.05806,38.76306
10/21/2020,-2.345280409,1.18E-05,9.05806,38.76306
10/25/2020,-2.0702266,2.01E-05,9.05806,38.76306
10/26/2020,-2.01170826,1.25E-05,9.05806,38.76306
10/26/2020,-1.744569185,1.25E-05,9.05806,38.76306
10/26/2020,-2.01170826,1.40E-05,9.05806,38.76306
10/26/2020,-1.744569185,1.40E-05,9.05806,38.76306
10/27/2020,-1.362284593,1.16E-05,9.05806,38.76306
10/28/2020,-1.002249992,3.35E-05,9.05806,38.76306
10/29/2020,-0.949362457,2.87E-05,9.05806,38.76306
10/30/2020,-2.178022146,3.86E-05,9.05806,38.76306
11/2/2020,-1.127401471,0.00003383,9.05806,38.76306
11/3/2020,-0.923768699,2.31E-05,9.05806,38.76306
11/4/2020,-1.160961151,4.84E-05,9.05806,38.76306
11/5/2020,-0.940884233,4.65E-05,9.05806,38.76306
11/6/2020,-1.395665543,3.64E-05,9.05806,38.76306
11/7/2020,-1.160648584,4.01E-05,9.05806,38.76306
11/7/2020,-1.160648584,4.01E-05,9.05806,38.76306
11/7/2020,-1.160648584,4.01E-05,9.05806,38.76306
11/7/2020,-1.160648584,4.01E-05,9.05806,38.76306
11/10/2020,-1.386703134,1.89E-05,9.05806,38.76306
11/11/2020,-1.530825289,2.62E-05,9.05806,38.76306
11/12/2020,-1.067942977,2.91E-05,9.05806,38.76306
11/13/2020,-1.323705554,3.07E-05,9.05806,38.76306
11/14/2020,-1.227347136,4.48E-05,9.05806,38.76306
11/15/2020,-0.80508858,4.21E-05,9.05806,38.76306
11/16/2020,-1.560860038,2.02E-05,9.05806,38.76306
11/17/2020,-1.166506887,2.70E-05,9.05806,38.76306
11/17/2020,-1.166506887,2.70E-05,9.05806,38.76306
11/17/2020,-1.166506887,2.70E-05,9.05806,38.76306
11/17/2020,-1.166506887,2.70E-05,9.05806,38.76306
11/18/2020,-1.219092727,4.84E-05,9.05806,38.76306
11/18/2020,-1.219092727,4.84E-05,9.05806,38.76306
11/18/2020,-1.219092727,4.84E-05,9.05806,38.76306
11/18/2020,-1.219092727,4.84E-05,9.05806,38.76306
11/19/2020,-0.797320128,4.92E-05,9.05806,38.76306
11/20/2020,-0.843874633,4.47E-05,9.05806,38.76306
11/21/2020,-1.565152958,0.000016169,9.05806,38.76306
11/22/2020,-1.436836958,0.000008548,9.05806,38.76306
11/23/2020,-1.451697469,4.66E-05,9.05806,38.76306
11/24/2020,-1.197138429,8.49E-05,9.05806,38.76306
12/3/2020,-1.976100564,2.62E-05,9.05806,38.76306
12/4/2020,-1.487444639,5.08E-05,9.05806,38.76306
12/6/2020,-1.309163928,2.33E-05,9.05806,38.76306
12/7/2020,-2.388130027,2.27E-05,9.05806,38.76306
12/9/2020,-1.196112752,3.32E-05,9.05806,38.76306
12/10/2020,-1.24076128,4.00E-05,9.05806,38.76306
12/11/2020,-0.938541581,7.20E-05,9.05806,38.76306
12/12/2020,-0.899457276,0.000058393,9.05806,38.76306
12/13/2020,-1.408117553,0.000010667,9.05806,38.76306
12/14/2020,-1.167232275,5.04E-05,9.05806,38.76306
12/14/2020,-1.167232275,5.04E-05,9.05806,38.76306
12/14/2020,-1.167232275,5.04E-05,9.05806,38.76306
12/14/2020,-1.167232275,5.04E-05,9.05806,38.76306
12/15/2020,-0.969370846,5.52E-05,9.05806,38.76306
12/16/2020,-0.68145024,6.41E-05,9.05806,38.76306
12/17/2020,-1.337108612,4.01E-05,9.05806,38.76306
12/18/2020,-1.353631258,2.74E-05,9.05806,38.76306
12/19/2020,-1.172815668,0.000029243,9.05806,38.76306
12/22/2020,-2.232640266,2.44E-05,9.05806,38.76306
12/24/2020,-1.574718952,2.06E-05,9.05806,38.76306
12/25/2020,-1.283934116,5.69E-05,9.05806,38.76306
12/26/2020,-1.158371568,4.33E-05,9.05806,38.76306
12/27/2020,-1.25095582,5.14E-05,9.05806,38.76306
12/28/2020,-1.437605619,2.01E-06,9.05806,38.76306
12/29/2020,-1.302267336,2.52E-05,9.05806,38.76306
12/30/2020,-1.382176189,3.84E-05,9.05806,38.76306
1/2/2021,-1.620871005,6.72E-05,9.05806,38.76306
1/3/2021,-1.584403258,2.97E-05,9.05806,38.76306
1/3/2021,-1.621384273,2.97E-05,9.05806,38.76306
1/3/2021,-1.584403258,2.97E-05,9.05806,38.76306
1/3/2021,-1.621384273,2.97E-05,9.05806,38.76306
1/4/2021,-1.187679107,2.72E-05,9.05806,38.76306
1/5/2021,-1.213363692,4.46E-05,9.05806,38.76306
1/6/2021,-0.73644954,8.05E-05,9.05806,38.76306
1/7/2021,-1.269468837,0.000057554,9.05806,38.76306
1/8/2021,-1.664051961,8.66E-05,9.05806,38.76306
1/12/2021,-1.706748432,4.71E-05,9.05806,38.76306
1/13/2021,-1.862854547,5.43E-05,9.05806,38.76306
1/14/2021,-1.658333421,4.77E-05,9.05806,38.76306
1/14/2021,-1.676942984,4.77E-05,9.05806,38.76306
1/14/2021,-1.658333421,4.55E-05,9.05806,38.76306
1/14/2021,-1.676942984,4.55E-05,9.05806,38.76306
1/18/2021,-1.32673877,0.000032764,9.05806,38.76306
1/19/2021,-1.20034337,0.000022427,9.05806,38.76306
1/20/2021,-1.187695874,2.44E-05,9.05806,38.76306
1/21/2021,-1.306549668,2.91E-05,9.05806,38.76306
1/22/2021,-0.568898261,3.55E-05,9.05806,38.76306
1/23/2021,-0.694438219,5.04E-05,9.05806,38.76306
1/24/2021,-0.943244696,3.30E-05,9.05806,38.76306
1/25/2021,-1.358097792,2.95E-05,9.05806,38.76306
1/26/2021,-1.097756258,4.16E-05,9.05806,38.76306
1/27/2021,-1.08901,5.28E-05,9.05806,38.76306
1/28/2021,-0.876054353,5.31E-05,9.05806,38.76306
1/29/2021,-0.721369028,5.86E-05,9.05806,38.76306
1/30/2021,-1.383521616,2.18E-05,9.05806,38.76306
1/31/2021,-1.118737459,3.60E-05,9.05806,38.76306
2/1/2021,-0.735147178,4.52E-05,9.05806,38.76306
2/2/2021,-0.594645619,0.000070163,9.05806,38.76306
2/3/2021,-0.919694901,2.68E-05,9.05806,38.76306
2/4/2021,-1.12930772,6.63E-05,9.05806,38.76306
2/5/2021,-0.694318998,0.000136409,9.05806,38.76306
2/13/2021,-1.915583015,0.00011194,9.05806,38.76306
2/14/2021,-1.282200575,4.47E-05,9.05806,38.76306
2/15/2021,-1.863704085,1.41E-05,9.05806,38.76306
2/16/2021,-1.255867004,4.74E-05,9.05806,38.76306
2/17/2021,-0.986398942,0.00006902,9.05806,38.76306
2/18/2021,-1.033366799,6.29E-05,9.05806,38.76306
2/21/2021,-1.617466246,0.000031237,9.05806,38.76306
2/24/2021,-1.177417874,5.30E-05,9.05806,38.76306
2/25/2021,-1.324561954,2.25E-05,9.05806,38.76306
2/26/2021,-1.37003243,3.27E-05,9.05806,38.76306
2/27/2021,-1.864784712,3.39E-05,9.05806,38.76306
3/2/2021,-1.666324496,1.97E-05,9.05806,38.76306
3/3/2021,-1.88926208,1.91E-05,9.05806,38.76306
3/4/2021,-1.494375467,4.66E-05,9.05806,38.76306
3/6/2021,-0.380190402,5.81E-05,9.05806,38.76306
3/7/2021,-1.280773997,5.87E-05,9.05806,38.76306
3/7/2021,-1.280773997,5.87E-05,9.05806,38.76306
3/7/2021,-1.280773997,5.87E-05,9.05806,38.76306
3/7/2021,-1.280773997,5.87E-05,9.05806,38.76306
3/8/2021,-1.138879569,8.88E-05,9.05806,38.76306
3/9/2021,-1.272368193,0.000039766,9.05806,38.76306
3/10/2021,-1.264327049,0.000040153,9.05806,38.76306
3/12/2021,-0.860371351,2.15E-05,9.05806,38.76306
3/13/2021,-2.057250706,1.62E-05,9.05806,38.76306
3/14/2021,-1.751852428,7.35E-06,9.05806,38.76306
3/16/2021,-0.9526989,2.70E-05,9.05806,38.76306
3/17/2021,-1.246310358,0.000007649,9.05806,38.76306
3/19/2021,-1.473957117,1.51E-05,9.05806,38.76306
3/20/2021,-0.871921957,3.47E-05,9.05806,38.76306
3/21/2021,-0.90220356,3.60E-05,9.05806,38.76306
3/21/2021,-0.90220356,3.60E-05,9.05806,38.76306
3/21/2021,-0.90220356,3.53E-05,9.05806,38.76306
3/21/2021,-0.90220356,3.53E-05,9.05806,38.76306
3/22/2021,-0.150299981,4.06E-05,9.05806,38.76306
3/23/2021,-0.856198427,2.61E-05,9.05806,38.76306
3/24/2021,-1.061043382,1.82E-05,9.05806,38.76306
3/25/2021,-1.192608038,2.06E-05,9.05806,38.76306
3/26/2021,-0.617261529,5.53E-05,9.05806,38.76306
3/27/2021,-0.421678811,0.000075429,9.05806,38.76306
3/29/2021,-1.306406975,3.35E-05,9.05806,38.76306
3/29/2021,-1.306406975,3.35E-05,9.05806,38.76306
3/29/2021,-1.306406975,3.35E-05,9.05806,38.76306
3/29/2021,-1.306406975,3.35E-05,9.05806,38.76306
4/1/2021,-1.140889111,3.02E-05,9.05806,38.76306
4/2/2021,-0.877239168,4.07E-05,9.05806,38.76306
4/3/2021,-1.605669902,5.77E-06,9.05806,38.76306
4/6/2021,-1.359283924,3.63E-05,9.05806,38.76306
4/7/2021,-0.481513595,2.93E-05,9.05806,38.76306
4/8/2021,-0.533267677,4.18E-05,9.05806,38.76306
4/9/2021,-0.873605592,6.19E-05,9.05806,38.76306
4/10/2021,-1.009188895,3.28E-05,9.05806,38.76306
4/19/2021,-2.235734701,2.58E-05,9.05806,38.76306
5/8/2021,-1.725656629,2.20E-05,9.05806,38.76306
5/9/2021,-1.002149035,1.57E-05,9.05806,38.76306
5/21/2021,-1.601473678,3.39E-05,9.05806,38.76306
5/21/2021,-1.558077335,3.39E-05,9.05806,38.76306
5/21/2021,-1.601473678,3.80E-05,9.05806,38.76306
5/21/2021,-1.558077335,3.80E-05,9.05806,38.76306
5/22/2021,-1.480750442,2.93E-05,9.05806,38.76306
5/29/2021,-1.182924271,4.41E-05,9.05806,38.76306
5/29/2021,-1.182924271,4.41E-05,9.05806,38.76306
5/29/2021,-1.182924271,4.41E-05,9.05806,38.76306
5/29/2021,-1.182924271,4.41E-05,9.05806,38.76306
5/30/2021,-1.011945268,2.77E-05,9.05806,38.76306
6/7/2021,-2.468808254,1.27E-05,9.05806,38.76306
6/8/2021,-1.986940503,7.94E-06,9.05806,38.76306
7/1/2021,-2.291372772,1.88E-05,9.05806,38.76306
7/12/2021,-0.13618871,2.04E-05,9.05806,38.76306
8/7/2021,0.199885801,6.63E-05,9.05806,38.76306
8/13/2021,-0.763876915,2.94E-05,9.05806,38.76306
9/8/2021,-0.237876127,2.73E-05,9.05806,38.76306
9/17/2021,-0.096918118,1.07E-05,9.05806,38.76306
9/27/2021,-1.127755523,2.31E-05,9.05806,38.76306
10/5/2021,0.11591935,2.43E-05,9.05806,38.76306
10/15/2021,-0.07381656,2.20E-05,9.05806,38.76306
10/18/2021,-0.822258592,3.39E-05,9.05806,38.76306
10/19/2021,-0.530703664,3.13E-06,9.05806,38.76306
10/20/2021,0.262802988,2.34E-05,9.05806,38.76306
10/21/2021,0.199759677,3.20E-05,9.05806,38.76306
10/22/2021,-0.313439965,1.12E-05,9.05806,38.76306
10/23/2021,-0.587458101,3.05E-05,9.05806,38.76306
10/24/2021,0.252071381,2.29E-05,9.05806,38.76306
10/25/2021,0.245821834,0.00002677,9.05806,38.76306
10/29/2021,-0.252723098,2.06E-05,9.05806,38.76306
10/30/2021,0.857946459,2.66E-05,9.05806,38.76306
11/3/2021,0.352937818,3.95E-05,9.05806,38.76306
11/4/2021,0.215857223,1.31E-05,9.05806,38.76306
11/5/2021,0.475270033,5.52E-05,9.05806,38.76306
11/6/2021,-0.707292564,6.60E-05,9.05806,38.76306
11/8/2021,-1.516378261,2.02E-05,9.05806,38.76306
11/15/2021,0.707968414,6.12E-05,9.05806,38.76306
11/17/2021,0.510327339,5.52E-05,9.05806,38.76306
11/18/2021,-0.491344603,1.99E-05,9.05806,38.76306
11/19/2021,0.157863259,0.000034042,9.05806,38.76306
11/20/2021,0.676860511,4.29E-05,9.05806,38.76306
11/21/2021,0.47155399,3.38E-05,9.05806,38.76306
11/22/2021,0.513837636,3.96E-05,9.05806,38.76306
11/23/2021,0.052383091,1.74E-05,9.05806,38.76306
11/26/2021,0.904659927,5.56E-05,9.05806,38.76306
11/28/2021,0.028928686,1.18E-05,9.05806,38.76306
11/29/2021,0.214533299,2.79E-05,9.05806,38.76306
11/30/2021,0.785700142,3.11E-05,9.05806,38.76306
12/1/2021,0.803529084,5.02E-05,9.05806,38.76306
12/2/2021,0.669297993,0.000084837,9.05806,38.76306
12/3/2021,0.470165603,6.09E-05,9.05806,38.76306
12/4/2021,-0.044266097,4.25E-05,9.05806,38.76306
12/5/2021,0.064660828,2.37E-05,9.05806,38.76306
12/6/2021,0.594087601,3.34E-05,9.05806,38.76306
12/7/2021,0.401076502,3.26E-05,9.05806,38.76306
12/8/2021,0.608039437,6.44E-05,9.05806,38.76306
12/8/2021,0.437234472,6.44E-05,9.05806,38.76306
12/8/2021,0.608039437,5.83E-05,9.05806,38.76306
12/8/2021,0.437234472,5.83E-05,9.05806,38.76306
12/9/2021,0.451359391,0.000049345,9.05806,38.76306
12/10/2021,0.293565503,3.74E-05,9.05806,38.76306
12/11/2021,0.346091449,2.63E-05,9.05806,38.76306
12/12/2021,0.927848378,2.90E-05,9.05806,38.76306
12/13/2021,0.462589443,4.29E-05,9.05806,38.76306
12/14/2021,0.16083771,6.12E-05,9.05806,38.76306
12/16/2021,-0.509289324,0.00001903,9.05806,38.76306
12/17/2021,1.098827504,2.78E-05,9.05806,38.76306
12/18/2021,-0.144365355,5.40E-05,9.05806,38.76306
12/19/2021,0.013947212,3.13E-05,9.05806,38.76306
12/19/2021,-0.165989568,3.13E-05,9.05806,38.76306
12/19/2021,0.013947212,2.79E-05,9.05806,38.76306
12/19/2021,-0.165989568,2.79E-05,9.05806,38.76306
12/20/2021,-0.765206158,2.44E-05,9.05806,38.76306
12/21/2021,-0.143390925,2.62E-05,9.05806,38.76306
12/22/2021,0.348849356,1.07E-05,9.05806,38.76306
12/23/2021,0.713877618,5.96E-05,9.05806,38.76306
12/25/2021,0.0041736,0.00004879,9.05806,38.76306
12/26/2021,0.494539759,2.34E-05,9.05806,38.76306
12/27/2021,0.344624157,1.46E-05,9.05806,38.76306
12/28/2021,1.125461715,4.55E-05,9.05806,38.76306
12/29/2021,0.589964807,6.12E-05,9.05806,38.76306
12/30/2021,-0.373565138,9.01E-05,9.05806,38.76306
12/31/2021,-0.537896156,2.95E-05,9.05806,38.76306
1/3/2022,0.066086307,3.16E-05,9.05806,38.76306
1/7/2022,-0.478684664,1.72E-05,9.05806,38.76306
1/11/2022,0.042961687,3.58E-05,9.05806,38.76306
1/12/2022,-0.872131906,5.40E-06,9.05806,38.76306
1/13/2022,0.039593254,1.81E-05,9.05806,38.76306
1/15/2022,-0.729721844,8.07E-05,9.05806,38.76306
1/16/2022,-1.747045994,1.19E-05,9.05806,38.76306
1/20/2022,-0.030498868,2.34E-05,9.05806,38.76306
1/21/2022,-1.030060256,3.48E-05,9.05806,38.76306
1/22/2022,-1.56558013,7.04E-06,9.05806,38.76306
1/23/2022,0.369441062,1.42E-05,9.05806,38.76306
1/25/2022,0.818615702,0.000062227,9.05806,38.76306
1/26/2022,0.243567453,3.95E-05,9.05806,38.76306
1/27/2022,0.503875821,5.65E-05,9.05806,38.76306
1/28/2022,0.4198035,2.34E-05,9.05806,38.76306
1/29/2022,0.856635869,5.23E-05,9.05806,38.76306
1/30/2022,0.477742066,3.88E-05,9.05806,38.76306
1/31/2022,0.185921252,0.000136337,9.05806,38.76306
2/1/2022,0.272684753,7.93E-05,9.05806,38.76306
2/2/2022,-0.846080482,0.000006122,9.05806,38.76306
2/4/2022,0.61271441,7.68E-05,9.05806,38.76306
2/5/2022,0.6738461,9.58E-05,9.05806,38.76306
2/6/2022,0.231845449,3.22E-05,9.05806,38.76306
2/7/2022,0.612944841,0.000022383,9.05806,38.76306
2/9/2022,0.273613923,4.72E-05,9.05806,38.76306
2/9/2022,0.348251562,4.72E-05,9.05806,38.76306
2/9/2022,0.273613923,3.17E-05,9.05806,38.76306
2/9/2022,0.348251562,3.17E-05,9.05806,38.76306
2/10/2022,0.027385838,7.16E-05,9.05806,38.76306
2/11/2022,0.353055713,4.81E-05,9.05806,38.76306
2/12/2022,0.093077846,2.76E-05,9.05806,38.76306
2/13/2022,0.699095368,2.84E-05,9.05806,38.76306
2/13/2022,0.699095368,2.84E-05,9.05806,38.76306
2/13/2022,0.699095368,2.84E-05,9.05806,38.76306
2/13/2022,0.699095368,2.84E-05,9.05806,38.76306
2/14/2022,0.685456514,0.000047205,9.05806,38.76306
2/15/2022,-0.402573437,6.40E-05,9.05806,38.76306
2/16/2022,0.02773221,7.83E-05,9.05806,38.76306
2/17/2022,0.046257451,5.77E-05,9.05806,38.76306
2/19/2022,0.620238483,3.66E-05,9.05806,38.76306
2/22/2022,0.179417744,1.27E-05,9.05806,38.76306
2/23/2022,0.409902649,3.89E-05,9.05806,38.76306
2/24/2022,0.60255218,2.42E-05,9.05806,38.76306
2/25/2022,0.411449893,3.74E-05,9.05806,38.76306
3/2/2022,0.982610762,1.82E-05,9.05806,38.76306
3/3/2022,0.853411436,3.79E-05,9.05806,38.76306
3/4/2022,-0.450897636,2.82E-05,9.05806,38.76306
3/5/2022,0.344963819,4.16E-05,9.05806,38.76306
3/6/2022,0.157811612,1.89E-05,9.05806,38.76306
3/7/2022,0.907027185,4.74E-05,9.05806,38.76306
3/8/2022,0.860546887,6.75E-05,9.05806,38.76306
3/10/2022,-0.490369886,4.60E-05,9.05806,38.76306
3/11/2022,-0.191625875,2.28E-05,9.05806,38.76306
3/12/2022,0.17308363,0.0000343,9.05806,38.76306
3/13/2022,0.553027749,2.89E-05,9.05806,38.76306
3/14/2022,0.352837771,4.19E-05,9.05806,38.76306
3/15/2022,0.087471873,3.31E-05,9.05806,38.76306
3/15/2022,0.087712213,3.31E-05,9.05806,38.76306
3/15/2022,0.087471873,3.30E-05,9.05806,38.76306
3/15/2022,0.087712213,3.30E-05,9.05806,38.76306
3/16/2022,0.331441302,5.90E-05,9.05806,38.76306
3/17/2022,0.250181377,2.88E-05,9.05806,38.76306
3/18/2022,-0.317807883,3.62E-05,9.05806,38.76306
3/26/2022,-0.90642345,2.78E-05,9.05806,38.76306
3/27/2022,0.584519148,1.97E-05,9.05806,38.76306
3/29/2022,0.39638859,4.16E-05,9.05806,38.76306
3/30/2022,0.943179729,6.06E-05,9.05806,38.76306
3/31/2022,0.193772003,4.72E-05,9.05806,38.76306
3/31/2022,0.19806876,4.72E-05,9.05806,38.76306
3/31/2022,0.193772003,3.71E-05,9.05806,38.76306
3/31/2022,0.19806876,3.71E-05,9.05806,38.76306
4/1/2022,0.255007029,4.12E-05,9.05806,38.76306
4/2/2022,0.075277567,9.11E-06,9.05806,38.76306
4/5/2022,0.172795389,3.57E-05,9.05806,38.76306
4/6/2022,-0.786681116,1.50E-05,9.05806,38.76306
4/7/2022,-0.319735524,1.79E-05,9.05806,38.76306
4/8/2022,1.077679056,4.17E-05,9.05806,38.76306
5/5/2022,0.97771073,0.000034587,9.05806,38.76306
5/6/2022,0.753735879,3.34E-05,9.05806,38.76306
5/8/2022,-1.235388614,0.000020164,9.05806,38.76306
5/8/2022,-0.926507711,0.000020164,9.05806,38.76306
5/10/2022,0.83882618,9.23E-06,9.05806,38.76306
5/11/2022,0.710242436,1.89E-05,9.05806,38.76306
5/12/2022,0.290214896,1.82E-05,9.05806,38.76306
5/13/2022,0.389148949,1.87E-05,9.05806,38.76306
5/14/2022,0.026935382,1.62E-05,9.05806,38.76306
5/15/2022,0.85015084,2.22E-05,9.05806,38.76306
5/15/2022,0.758409675,2.22E-05,9.05806,38.76306
5/15/2022,0.85015084,1.97E-05,9.05806,38.76306
5/15/2022,0.758409675,1.97E-05,9.05806,38.76306
5/16/2022,1.118309379,6.13E-05,9.05806,38.76306
5/18/2022,0.279012517,6.70E-05,9.05806,38.76306
5/20/2022,0.879216183,3.60E-05,9.05806,38.76306
5/21/2022,1.511952877,6.39E-05,9.05806,38.76306
5/22/2022,0.430706829,2.37E-05,9.05806,38.76306
5/23/2022,0.81215471,3.07E-05,9.05806,38.76306
5/24/2022,0.556745793,4.14E-05,9.05806,38.76306
5/27/2022,-0.069220319,3.58E-05,9.05806,38.76306
6/13/2022,-1.020880103,4.00E-05,9.05806,38.76306
6/19/2022,-1.863420367,2.54E-05,9.05806,38.76306
6/20/2022,-1.54978814,3.15E-05,9.05806,38.76306
6/24/2022,-0.38084802,0.000039227,9.05806,38.76306
6/26/2022,-0.724703757,0.000034197,9.05806,38.76306
8/5/2022,-1.031438947,2.69E-05,9.05806,38.76306
8/22/2022,-1.002235651,5.57E-05,9.05806,38.76306
8/26/2022,-0.342702478,5.15E-05,9.05806,38.76306
8/28/2022,-1.133940389,3.45E-06,9.05806,38.76306
9/6/2022,-0.700216452,0.000080929,9.05806,38.76306
9/18/2022,-0.4216434,3.16E-05,9.05806,38.76306
9/21/2022,-0.641025841,1.88E-05,9.05806,38.76306
9/22/2022,-0.280298947,1.18E-05,9.05806,38.76306
9/22/2022,-0.288692941,1.18E-05,9.05806,38.76306
9/22/2022,-0.280298947,1.14E-05,9.05806,38.76306
9/22/2022,-0.288692941,1.14E-05,9.05806,38.76306
10/16/2022,-0.508052647,-1.73E-06,9.05806,38.76306
10/20/2022,-0.677195151,-1.06E-05,9.05806,38.76306
10/21/2022,-0.95269264,0.000002828,9.05806,38.76306
10/23/2022,-0.056111905,1.16E-05,9.05806,38.76306
10/28/2022,0.092137508,0.000021405,9.05806,38.76306
10/29/2022,0.058730716,2.40E-05,9.05806,38.76306
10/30/2022,-0.443811566,1.87E-05,9.05806,38.76306
10/31/2022,-0.355349541,2.99E-05,9.05806,38.76306
11/1/2022,-0.832931915,4.83E-06,9.05806,38.76306
11/2/2022,0.513718607,2.57E-05,9.05806,38.76306
11/3/2022,-0.347024913,1.08E-05,9.05806,38.76306
11/4/2022,-0.16054511,2.59E-05,9.05806,38.76306
11/5/2022,0.008738142,3.08E-05,9.05806,38.76306
11/6/2022,0.048060577,1.71E-05,9.05806,38.76306
11/7/2022,-0.05718315,2.57E-05,9.05806,38.76306
11/8/2022,-0.031255879,3.63E-05,9.05806,38.76306
11/8/2022,-0.031255879,3.63E-05,9.05806,38.76306
11/8/2022,-0.031255879,3.63E-05,9.05806,38.76306
11/8/2022,-0.031255879,3.63E-05,9.05806,38.76306
11/14/2022,0.479989171,3.84E-05,9.05806,38.76306
11/15/2022,0.316451043,0.000042685,9.05806,38.76306
11/17/2022,-0.186452832,1.91E-05,9.05806,38.76306
11/18/2022,0.565291941,1.56E-05,9.05806,38.76306
11/19/2022,0.074566059,2.53E-05,9.05806,38.76306
11/20/2022,0.643740333,0.000041249,9.05806,38.76306
11/21/2022,-0.309362947,2.67E-05,9.05806,38.76306
11/26/2022,-1.532688783,0.000016422,9.05806,38.76306
11/28/2022,-0.748574674,1.00E-05,9.05806,38.76306
11/29/2022,0.445344746,2.94E-05,9.05806,38.76306
11/30/2022,0.123768576,0.000036519,9.05806,38.76306
12/1/2022,0.533423662,4.11E-05,9.05806,38.76306
12/2/2022,-5.45E-05,1.03E-05,9.05806,38.76306
12/3/2022,0.130479395,1.30E-05,9.05806,38.76306
12/4/2022,0.444405377,2.74E-05,9.05806,38.76306
12/5/2022,-0.165608913,3.46E-05,9.05806,38.76306
12/6/2022,0.09283096,6.21E-05,9.05806,38.76306
12/7/2022,0.00213889,3.03E-05,9.05806,38.76306
12/8/2022,-0.282119836,7.75E-06,9.05806,38.76306
12/9/2022,-0.031295136,1.24E-05,9.05806,38.76306
12/10/2022,0.389445948,0.000071943,9.05806,38.76306
12/11/2022,0.626914263,4.29E-05,9.05806,38.76306
12/12/2022,-0.157185108,2.44E-05,9.05806,38.76306
12/12/2022,-0.15620753,2.44E-05,9.05806,38.76306
12/12/2022,-0.157185108,2.40E-05,9.05806,38.76306
12/12/2022,-0.15620753,2.40E-05,9.05806,38.76306
12/26/2022,0.392919541,5.16E-05,9.05806,38.76306
12/26/2022,0.325247584,5.16E-05,9.05806,38.76306
12/26/2022,0.392919541,5.16E-05,9.05806,38.76306
12/26/2022,0.325247584,5.16E-05,9.05806,38.76306
12/30/2022,0.213314503,1.94E-05,9.05806,38.76306
12/30/2022,0.213314503,1.94E-05,9.05806,38.76306
12/30/2022,0.213314503,1.94E-05,9.05806,38.76306
12/30/2022,0.213314503,1.94E-05,9.05806,38.76306
12/31/2022,0.421988934,4.09E-05,9.05806,38.76306
1/3/2023,0.359697104,1.86E-05,9.05806,38.76306
1/4/2023,0.218737945,2.20E-05,9.05806,38.76306
1/5/2023,0.539548613,3.34E-05,9.05806,38.76306
1/6/2023,0.663028855,6.33E-05,9.05806,38.76306
1/7/2023,0.330571383,3.59E-05,9.05806,38.76306
1/8/2023,0.357946139,3.22E-05,9.05806,38.76306
1/10/2023,0.12453955,3.26E-05,9.05806,38.76306
1/11/2023,-0.005993785,2.32E-05,9.05806,38.76306
1/11/2023,-0.166269183,2.32E-05,9.05806,38.76306
1/11/2023,-0.005993785,1.90E-05,9.05806,38.76306
1/11/2023,-0.166269183,1.90E-05,9.05806,38.76306
1/12/2023,-0.268751073,4.09E-05,9.05806,38.76306
1/13/2023,0.750375366,3.28E-05,9.05806,38.76306
1/14/2023,0.460124619,7.02E-05,9.05806,38.76306
1/15/2023,0.137040466,0.000020123,9.05806,38.76306
1/16/2023,0.276127938,0.000026338,9.05806,38.76306
1/18/2023,0.504302502,5.09E-05,9.05806,38.76306
1/19/2023,0.162321612,1.77E-05,9.05806,38.76306
1/20/2023,0.460053403,2.29E-05,9.05806,38.76306
1/21/2023,0.694536752,5.09E-05,9.05806,38.76306
1/23/2023,-0.021039741,5.22E-05,9.05806,38.76306
1/24/2023,0.47321219,4.82E-05,9.05806,38.76306
1/25/2023,0.296145976,3.83E-05,9.05806,38.76306
1/26/2023,0.695075572,2.44E-05,9.05806,38.76306
1/27/2023,0.380865243,5.05E-05,9.05806,38.76306
1/28/2023,0.196699768,0.000080885,9.05806,38.76306
1/30/2023,-0.504499197,4.06E-05,9.05806,38.76306
1/31/2023,-0.162757516,7.67E-06,9.05806,38.76306
2/1/2023,0.65359509,6.73E-05,9.05806,38.76306
2/2/2023,0.315195739,5.36E-05,9.05806,38.76306
2/3/2023,0.662914813,2.68E-05,9.05806,38.76306
2/4/2023,0.740395366,4.51E-05,9.05806,38.76306
2/5/2023,0.635473251,2.88E-05,9.05806,38.76306
2/6/2023,0.566863004,2.69E-05,9.05806,38.76306
2/7/2023,0.565373488,3.23E-05,9.05806,38.76306
2/8/2023,0.664942144,4.59E-05,9.05806,38.76306
2/9/2023,0.40068139,6.69E-06,9.05806,38.76306
2/10/2023,0.203639509,2.32E-05,9.05806,38.76306
2/11/2023,0.258527666,1.03E-05,9.05806,38.76306
2/12/2023,0.321808308,1.91E-05,9.05806,38.76306
2/13/2023,0.895990133,3.60E-05,9.05806,38.76306
2/14/2023,0.594104171,3.67E-05,9.05806,38.76306
2/15/2023,0.327722508,5.53E-05,9.05806,38.76306
2/16/2023,-0.057235856,2.27E-05,9.05806,38.76306
2/17/2023,0.521724176,2.31E-05,9.05806,38.76306
2/18/2023,0.731375686,2.99E-05,9.05806,38.76306
2/19/2023,0.958514512,0.000021323,9.05806,38.76306
2/20/2023,0.346991569,1.68E-05,9.05806,38.76306
2/21/2023,0.570254743,0.000115256,9.05806,38.76306
2/22/2023,0.988624877,8.00E-05,9.05806,38.76306
2/23/2023,-0.084893368,0.000101809,9.05806,38.76306
3/1/2023,-0.791291356,0.000115379,9.05806,38.76306
3/6/2023,0.558029294,4.18E-05,9.05806,38.76306
3/7/2023,-0.284121097,2.60E-05,9.05806,38.76306
3/8/2023,-0.554055864,5.44E-05,9.05806,38.76306
3/17/2023,0.461335957,3.95E-05,9.05806,38.76306
4/8/2023,-0.705659747,2.83E-05,9.05806,38.76306
4/9/2023,-0.952649474,9.35E-06,9.05806,38.76306
4/13/2023,-0.491251648,3.42E-05,9.05806,38.76306
5/16/2023,-2.28143327,3.23E-05,9.05806,38.76306
5/29/2023,0.227540195,2.91E-05,9.05806,38.76306
6/3/2023,-0.548076153,2.04E-05,9.05806,38.76306
6/4/2023,-0.141527631,2.00E-05,9.05806,38.76306
6/10/2023,-0.316281633,4.01E-05,9.05806,38.76306
8/6/2023,-1.112123847,2.44E-05,9.05806,38.76306
8/12/2023,-0.412806779,4.27E-05,9.05806,38.76306
8/14/2023,-0.33646274,6.72E-05,9.05806,38.76306
8/19/2023,-0.254120751,3.25E-05,9.05806,38.76306
8/24/2023,-0.759983778,4.37E-06,9.05806,38.76306
8/26/2023,-0.713528991,1.65E-05,9.05806,38.76306
8/27/2023,-1.031886926,-3.03E-07,9.05806,38.76306
8/28/2023,-0.661741946,4.29E-05,9.05806,38.76306
8/31/2023,-1.285741883,4.51E-05,9.05806,38.76306
9/17/2023,-0.857911344,1.86E-05,9.05806,38.76306
9/21/2023,-1.163481474,2.59E-05,9.05806,38.76306
10/2/2023,-1.291585445,2.81E-06,9.05806,38.76306
10/4/2023,0.39872247,2.26E-05,9.05806,38.76306
10/5/2023,0.090667777,2.36E-05,9.05806,38.76306
10/6/2023,-0.093490913,3.65E-05,9.05806,38.76306
10/7/2023,0.28846343,3.00E-05,9.05806,38.76306
10/8/2023,-0.943007052,2.10E-05,9.05806,38.76306
10/10/2023,0.106699305,4.13E-05,9.05806,38.76306
10/12/2023,-1.114643504,-1.05E-06,9.05806,38.76306
10/18/2023,-0.66423434,2.36E-05,9.05806,38.76306
10/31/2023,-0.134730558,2.09E-05,9.05806,38.76306
11/2/2023,-0.839865327,0.000009901,9.05806,38.76306
11/2/2023,-0.839865327,0.000009901,9.05806,38.76306
11/2/2023,-0.839865327,9.90E-06,9.05806,38.76306
11/2/2023,-0.839865327,9.90E-06,9.05806,38.76306
11/6/2023,0.158170447,1.47E-05,9.05806,38.76306
11/6/2023,0.00817758,1.47E-05,9.05806,38.76306
11/6/2023,0.158170447,7.83E-06,9.05806,38.76306
11/6/2023,0.00817758,7.83E-06,9.05806,38.76306
11/7/2023,-0.421542694,1.84E-05,9.05806,38.76306
11/9/2023,0.176100567,0.000018228,9.05806,38.76306
11/10/2023,-0.076600052,1.91E-05,9.05806,38.76306
11/11/2023,0.184556439,2.85E-05,9.05806,38.76306
11/12/2023,0.120642163,1.21E-05,9.05806,38.76306
11/13/2023,-1.193021784,4.72E-06,9.05806,38.76306
11/13/2023,-0.307301223,4.72E-06,9.05806,38.76306
11/13/2023,-1.193021784,1.50E-05,9.05806,38.76306
11/13/2023,-0.307301223,1.50E-05,9.05806,38.76306
11/14/2023,-0.630027592,1.67E-05,9.05806,38.76306
11/15/2023,-0.383674324,0.00001451,9.05806,38.76306
11/16/2023,-0.45934392,2.62E-05,9.05806,38.76306
11/20/2023,-0.196829855,9.90E-06,9.05806,38.76306
11/21/2023,0.194086745,1.50E-05,9.05806,38.76306
11/21/2023,0.194086745,1.50E-05,9.05806,38.76306
11/21/2023,0.194086745,1.50E-05,9.05806,38.76306
11/21/2023,0.194086745,1.50E-05,9.05806,38.76306
11/23/2023,0.272737503,2.44E-05,9.05806,38.76306
11/24/2023,0.339518033,5.22E-05,9.05806,38.76306
11/25/2023,-0.272789329,3.45E-05,9.05806,38.76306
11/26/2023,0.268637803,9.36E-06,9.05806,38.76306
11/27/2023,0.101722486,6.48E-05,9.05806,38.76306
11/28/2023,0.397586763,0.000047492,9.05806,38.76306
11/29/2023,0.167698145,0.000025097,9.05806,38.76306
11/30/2023,-0.313122869,1.25E-05,9.05806,38.76306
12/1/2023,0.132946111,2.34E-05,9.05806,38.76306
12/2/2023,-0.035973825,4.25E-05,9.05806,38.76306
12/3/2023,-0.259505868,0.000066689,9.05806,38.76306
12/4/2023,0.186972776,5.77E-05,9.05806,38.76306
12/5/2023,-0.668203294,5.70E-05,9.05806,38.76306
12/6/2023,-0.125379382,4.04E-05,9.05806,38.76306
12/9/2023,-0.503907144,7.79E-05,9.05806,38.76306
12/10/2023,-0.58836036,5.35E-05,9.05806,38.76306
12/11/2023,-0.556260284,6.55E-05,9.05806,38.76306
12/12/2023,-0.12359979,7.72E-05,9.05806,38.76306
12/15/2023,-0.665430972,2.95E-05,9.05806,38.76306
12/16/2023,-0.008347362,4.13E-05,9.05806,38.76306
12/17/2023,-0.31336233,0.000017399,9.05806,38.76306
12/18/2023,0.084119477,3.95E-05,9.05806,38.76306
12/19/2023,0.21239732,0.000106032,9.05806,38.76306
12/20/2023,-0.967367782,6.60E-05,9.05806,38.76306
12/23/2023,0.111796264,5.23E-05,9.05806,38.76306
12/24/2023,-0.086924921,2.26E-05,9.05806,38.76306
12/25/2023,0.152839705,5.02E-05,9.05806,38.76306
12/26/2023,-0.219719604,1.51E-05,9.05806,38.76306
12/27/2023,-0.01796907,2.04E-05,9.05806,38.76306
12/30/2023,-0.349615641,8.41E-05,9.05806,38.76306
1/1/2024,-1.564244458,1.47E-05,9.05806,38.76306
1/3/2024,0.177963927,0.000074319,9.05806,38.76306
1/4/2024,-0.247501135,7.00E-05,9.05806,38.76306
1/5/2024,-0.312191926,8.14E-05,9.05806,38.76306
1/10/2024,-0.479808503,7.58E-05,9.05806,38.76306
1/11/2024,-0.203807026,0.000111177,9.05806,38.76306
1/12/2024,-0.130381897,0.000124317,9.05806,38.76306
1/13/2024,-0.305461884,4.10E-06,9.05806,38.76306
1/14/2024,-0.074297831,0.000072102,9.05806,38.76306
1/15/2024,-0.084513441,4.41E-05,9.05806,38.76306
1/16/2024,0.335975021,6.30E-05,9.05806,38.76306
1/17/2024,-0.093205184,3.98E-05,9.05806,38.76306
1/19/2024,0.17772162,2.69E-05,9.05806,38.76306
1/21/2024,0.010427001,2.77E-05,9.05806,38.76306
1/24/2024,0.493004269,7.23E-05,9.05806,38.76306
1/25/2024,-0.337391466,7.52E-05,9.05806,38.76306
1/26/2024,-0.12742974,0.000077276,9.05806,38.76306
1/31/2024,-0.084748097,3.57E-05,9.05806,38.76306
2/2/2024,0.043277651,4.29E-05,9.05806,38.76306
2/3/2024,-0.877636671,0.000016412,9.05806,38.76306
2/3/2024,-0.877636671,0.000016412,9.05806,38.76306
2/3/2024,-0.877636671,0.000016412,9.05806,38.76306
2/3/2024,-0.877636671,0.000016412,9.05806,38.76306
2/4/2024,-0.298402548,3.24E-05,9.05806,38.76306
2/5/2024,-0.185229361,2.29E-05,9.05806,38.76306
2/6/2024,0.175695762,4.90E-05,9.05806,38.76306
2/7/2024,-0.63972187,3.82E-05,9.05806,38.76306
2/11/2024,-0.90216708,4.20E-05,9.05806,38.76306
2/17/2024,-0.108263273,2.45E-05,9.05806,38.76306
2/20/2024,0.191154361,4.84E-05,9.05806,38.76306
2/21/2024,-0.563213018,2.32E-05,9.05806,38.76306
2/22/2024,0.118263478,0.000024909,9.05806,38.76306
2/23/2024,0.075569287,2.21E-05,9.05806,38.76306
2/24/2024,-0.525196791,7.15E-06,9.05806,38.76306
2/25/2024,0.404158205,3.63E-05,9.05806,38.76306
2/26/2024,0.160287261,7.58E-05,9.05806,38.76306
2/27/2024,0.777425349,0.000095424,9.05806,38.76306
2/28/2024,-1.274032712,9.75E-06,9.05806,38.76306
3/2/2024,-0.466955811,6.34E-05,9.05806,38.76306
3/3/2024,-0.25750917,9.06E-05,9.05806,38.76306
3/14/2024,-0.095636409,3.88E-05,9.05806,38.76306
3/15/2024,-0.056853481,1.76E-05,9.05806,38.76306
3/16/2024,0.225655392,3.62E-05,9.05806,38.76306
3/17/2024,-0.387349777,2.03E-05,9.05806,38.76306
3/18/2024,-0.098621242,3.56E-05,9.05806,38.76306
3/19/2024,0.147278244,5.91E-05,9.05806,38.76306
3/20/2024,0.309751451,3.56E-05,9.05806,38.76306
3/21/2024,-0.0069568,2.50E-05,9.05806,38.76306
3/22/2024,-0.025148071,2.30E-05,9.05806,38.76306
3/22/2024,0.322300054,2.30E-05,9.05806,38.76306
3/22/2024,-0.025148071,3.48E-05,9.05806,38.76306
3/22/2024,0.322300054,3.48E-05,9.05806,38.76306
3/23/2024,-0.154543594,5.83E-05,9.05806,38.76306
4/12/2024,-0.93339862,2.20E-05,9.05806,38.76306
4/13/2024,-0.226419479,2.75E-05,9.05806,38.76306
4/14/2024,-0.107905388,5.34E-05,9.05806,38.76306
4/25/2024,-0.435694814,0.000036154,9.05806,38.76306
5/13/2024,-0.476025801,1.55E-05,9.05806,38.76306
5/13/2024,-0.804519033,1.55E-05,9.05806,38.76306
5/17/2024,-0.306870083,2.95E-05,9.05806,38.76306
5/25/2024,-0.345499011,2.15E-05,9.05806,38.76306
5/28/2024,-0.640519261,3.45E-05,9.05806,38.76306
5/29/2024,-0.766873327,2.83E-05,9.05806,38.76306
5/29/2024,-0.79184181,2.83E-05,9.05806,38.76306
5/29/2024,-0.766873327,2.91E-05,9.05806,38.76306
5/29/2024,-0.79184181,2.91E-05,9.05806,38.76306
5/30/2024,0.441617057,2.31E-05,9.05806,38.76306
6/2/2024,-0.99942106,6.43E-05,9.05806,38.76306
6/2/2024,-0.99942106,6.43E-05,9.05806,38.76306
6/2/2024,-0.99942106,6.43E-05,9.05806,38.76306
6/2/2024,-0.99942106,6.43E-05,9.05806,38.76306
6/3/2024,-1.48254931,3.53E-05,9.05806,38.76306
7/23/2024,-0.783664068,3.97E-05,9.05806,38.76306
7/25/2024,-0.368472964,4.58E-05,9.05806,38.76306
7/28/2024,-1.870536566,4.53E-06,9.05806,38.76306
9/3/2024,-0.787159207,2.80E-05,9.05806,38.76306
9/23/2024,-0.546748161,2.05E-05,9.05806,38.76306
10/4/2024,-1.604596387,3.87E-06,9.05806,38.76306
10/18/2024,-0.668149455,4.08E-05,9.05806,38.76306
10/20/2024,-2.08457756,0.000023865,9.05806,38.76306
10/21/2024,-1.597806692,4.62E-06,9.05806,38.76306
10/30/2024,-1.696868062,3.81E-05,9.05806,38.76306
11/4/2024,0.111464702,7.94E-05,9.05806,38.76306
11/7/2024,-0.001375201,4.51E-05,9.05806,38.76306
11/8/2024,-0.73870065,2.76E-05,9.05806,38.76306
11/9/2024,-0.317804605,4.24E-05,9.05806,38.76306
11/11/2024,-1.869833589,0.000013397,9.05806,38.76306
11/15/2024,-0.270759272,3.35E-05,9.05806,38.76306
11/16/2024,0.04787875,2.92E-05,9.05806,38.76306
11/17/2024,-0.396827191,1.39E-05,9.05806,38.76306
11/18/2024,-0.09794803,4.63E-05,9.05806,38.76306
11/24/2024,-0.208174393,3.88E-05,9.05806,38.76306
11/25/2024,-0.352997692,0.000152267,9.05806,38.76306
11/27/2024,-1.458187819,1.38E-05,9.05806,38.76306
12/1/2024,-0.155749825,3.08E-05,9.05806,38.76306
12/2/2024,-0.354620367,4.59E-05,9.05806,38.76306
12/3/2024,-0.441705197,3.25E-05,9.05806,38.76306
12/4/2024,0.210596532,3.73E-05,9.05806,38.76306
12/5/2024,0.164281592,5.09E-05,9.05806,38.76306
12/6/2024,0.048405122,3.46E-05,9.05806,38.76306
12/7/2024,0.006974449,3.17E-05,9.05806,38.76306
12/8/2024,0.093413755,1.38E-05,9.05806,38.76306
12/9/2024,0.639692504,5.18E-05,9.05806,38.76306
12/9/2024,0.45661634,5.18E-05,9.05806,38.76306
12/9/2024,0.639692504,4.26E-05,9.05806,38.76306
12/9/2024,0.45661634,4.26E-05,9.05806,38.76306
12/10/2024,0.126218921,6.66E-05,9.05806,38.76306
12/11/2024,0.214328483,6.81E-05,9.05806,38.76306
12/12/2024,0.032057259,5.84E-05,9.05806,38.76306
12/13/2024,-0.004080307,0.000186944,9.05806,38.76306
12/13/2024,-0.004080307,0.000186944,9.05806,38.76306
12/13/2024,-0.004080307,0.000186943,9.05806,38.76306
12/13/2024,-0.004080307,0.000186943,9.05806,38.76306
12/14/2024,0.517127335,0.000101974,9.05806,38.76306
12/15/2024,-0.042618934,3.53E-05,9.05806,38.76306
12/16/2024,0.023582675,4.78E-05,9.05806,38.76306
12/17/2024,-0.00782382,0.000121842,9.05806,38.76306
12/17/2024,-0.00782382,0.000121842,9.05806,38.76306
12/17/2024,-0.00782382,0.000122168,9.05806,38.76306
12/17/2024,-0.00782382,0.000122168,9.05806,38.76306
12/18/2024,-0.174207717,5.72E-05,9.05806,38.76306
12/19/2024,0.470420613,0.000094797,9.05806,38.76306
12/20/2024,0.249965303,0.000125137,9.05806,38.76306
12/21/2024,0.129680906,8.01E-05,9.05806,38.76306
12/21/2024,-0.032032825,8.01E-05,9.05806,38.76306
12/21/2024,0.129680906,0.000058504,9.05806,38.76306
12/21/2024,-0.032032825,0.000058504,9.05806,38.76306
12/22/2024,0.317962268,7.04E-05,9.05806,38.76306
12/23/2024,-0.542301899,2.44E-05,9.05806,38.76306
12/24/2024,-0.311892902,2.98E-05,9.05806,38.76306
12/25/2024,0.079141414,7.04E-05,9.05806,38.76306
12/26/2024,-0.129714919,5.02E-05,9.05806,38.76306
12/27/2024,0.322395891,5.29E-05,9.05806,38.76306
12/28/2024,0.141891927,0.000039748,9.05806,38.76306
12/29/2024,-0.327456951,1.09E-05,9.05806,38.76306
12/30/2024,0.257776767,1.59E-05,9.05806,38.76306
